5,10,y4tkyyfBMrkTOxLZpAGxJwXs608=,ItG8NMZdRTJtVYkzxBwCf/RYw1o=
6,10,y4tkyyfBMrkTOxLZpAGxJwXs608=,ItG8NMZdRTJtVYkzxBwCf/RYw1o=
6,9,y4tkyyfBMrkTOxLZpAGxJwXs608=,ItG8NMZdRTJtVYkzxBwCf/RYw1o=
5,9,y4tkyyfBMrkTOxLZpAGxJwXs608=,ItG8NMZdRTJtVYkzxBwCf/RYw1o=
6,5,NxL3ytxoXPyC+ifKQXDPLF/iasM=,1Vz5X3dgXaP8bjyzZToPGOvNcgk=
5,5,NxL3ytxoXPyC+ifKQXDPLF/iasM=,1Vz5X3dgXaP8bjyzZToPGOvNcgk=
6,7,NxL3ytxoXPyC+ifKQXDPLF/iasM=,1Vz5X3dgXaP8bjyzZToPGOvNcgk=
6,8,NxL3ytxoXPyC+ifKQXDPLF/iasM=,ItG8NMZdRTJtVYkzxBwCf/RYw1o=
5,7,NxL3ytxoXPyC+ifKQXDPLF/iasM=,1Vz5X3dgXaP8bjyzZToPGOvNcgk=
5,8,NxL3ytxoXPyC+ifKQXDPLF/iasM=,ItG8NMZdRTJtVYkzxBwCf/RYw1o=
6,6,NxL3ytxoXPyC+ifKQXDPLF/iasM=,1Vz5X3dgXaP8bjyzZToPGOvNcgk=
5,6,NxL3ytxoXPyC+ifKQXDPLF/iasM=,1Vz5X3dgXaP8bjyzZToPGOvNcgk=
1,9,NxL3ytxoXPyC+ifKQXDPLF/iasM=,knmBett4UOtMrtjdGrv7RKeAuwA=
3,9,NxL3ytxoXPyC+ifKQXDPLF/iasM=,knmBett4UOtMrtjdGrv7RKeAuwA=
4,9,NxL3ytxoXPyC+ifKQXDPLF/iasM=,ItG8NMZdRTJtVYkzxBwCf/RYw1o=
1,10,NxL3ytxoXPyC+ifKQXDPLF/iasM=,knmBett4UOtMrtjdGrv7RKeAuwA=
4,10,NxL3ytxoXPyC+ifKQXDPLF/iasM=,ItG8NMZdRTJtVYkzxBwCf/RYw1o=
2,10,NxL3ytxoXPyC+ifKQXDPLF/iasM=,knmBett4UOtMrtjdGrv7RKeAuwA=
3,10,NxL3ytxoXPyC+ifKQXDPLF/iasM=,knmBett4UOtMrtjdGrv7RKeAuwA=
2,9,NxL3ytxoXPyC+ifKQXDPLF/iasM=,knmBett4UOtMrtjdGrv7RKeAuwA=
3,5,1s2n/bBfd8TLPNcM3CyEZOZ3ZA4=,4LyS4xxyspH8ckMR94iGotHwHbo=
1,6,1s2n/bBfd8TLPNcM3CyEZOZ3ZA4=,4LyS4xxyspH8ckMR94iGotHwHbo=
3,7,1s2n/bBfd8TLPNcM3CyEZOZ3ZA4=,4LyS4xxyspH8ckMR94iGotHwHbo=
2,6,1s2n/bBfd8TLPNcM3CyEZOZ3ZA4=,4LyS4xxyspH8ckMR94iGotHwHbo=
3,8,1s2n/bBfd8TLPNcM3CyEZOZ3ZA4=,knmBett4UOtMrtjdGrv7RKeAuwA=
1,7,1s2n/bBfd8TLPNcM3CyEZOZ3ZA4=,4LyS4xxyspH8ckMR94iGotHwHbo=
1,8,1s2n/bBfd8TLPNcM3CyEZOZ3ZA4=,knmBett4UOtMrtjdGrv7RKeAuwA=
2,5,1s2n/bBfd8TLPNcM3CyEZOZ3ZA4=,4LyS4xxyspH8ckMR94iGotHwHbo=
1,5,1s2n/bBfd8TLPNcM3CyEZOZ3ZA4=,4LyS4xxyspH8ckMR94iGotHwHbo=
3,6,1s2n/bBfd8TLPNcM3CyEZOZ3ZA4=,4LyS4xxyspH8ckMR94iGotHwHbo=
4,5,1s2n/bBfd8TLPNcM3CyEZOZ3ZA4=,1Vz5X3dgXaP8bjyzZToPGOvNcgk=
2,8,1s2n/bBfd8TLPNcM3CyEZOZ3ZA4=,knmBett4UOtMrtjdGrv7RKeAuwA=
4,8,1s2n/bBfd8TLPNcM3CyEZOZ3ZA4=,ItG8NMZdRTJtVYkzxBwCf/RYw1o=
4,6,1s2n/bBfd8TLPNcM3CyEZOZ3ZA4=,1Vz5X3dgXaP8bjyzZToPGOvNcgk=
4,7,1s2n/bBfd8TLPNcM3CyEZOZ3ZA4=,1Vz5X3dgXaP8bjyzZToPGOvNcgk=
2,7,1s2n/bBfd8TLPNcM3CyEZOZ3ZA4=,4LyS4xxyspH8ckMR94iGotHwHbo=
10,5,1s2n/bBfd8TLPNcM3CyEZOZ3ZA4=,yj6d3+8rmPUFKWVpKwC61zyKSP0=
8,6,1s2n/bBfd8TLPNcM3CyEZOZ3ZA4=,yj6d3+8rmPUFKWVpKwC61zyKSP0=
9,5,1s2n/bBfd8TLPNcM3CyEZOZ3ZA4=,yj6d3+8rmPUFKWVpKwC61zyKSP0=
8,5,1s2n/bBfd8TLPNcM3CyEZOZ3ZA4=,yj6d3+8rmPUFKWVpKwC61zyKSP0=
9,6,1s2n/bBfd8TLPNcM3CyEZOZ3ZA4=,yj6d3+8rmPUFKWVpKwC61zyKSP0=
7,5,1s2n/bBfd8TLPNcM3CyEZOZ3ZA4=,1Vz5X3dgXaP8bjyzZToPGOvNcgk=
10,6,1s2n/bBfd8TLPNcM3CyEZOZ3ZA4=,yj6d3+8rmPUFKWVpKwC61zyKSP0=
7,6,1s2n/bBfd8TLPNcM3CyEZOZ3ZA4=,1Vz5X3dgXaP8bjyzZToPGOvNcgk=
14,6,1s2n/bBfd8TLPNcM3CyEZOZ3ZA4=,Yp6c1hqKnmNBHeyUYKDllqjwQLs=
13,6,1s2n/bBfd8TLPNcM3CyEZOZ3ZA4=,Yp6c1hqKnmNBHeyUYKDllqjwQLs=
14,5,1s2n/bBfd8TLPNcM3CyEZOZ3ZA4=,Yp6c1hqKnmNBHeyUYKDllqjwQLs=
11,5,1s2n/bBfd8TLPNcM3CyEZOZ3ZA4=,yj6d3+8rmPUFKWVpKwC61zyKSP0=
11,6,1s2n/bBfd8TLPNcM3CyEZOZ3ZA4=,yj6d3+8rmPUFKWVpKwC61zyKSP0=
13,5,1s2n/bBfd8TLPNcM3CyEZOZ3ZA4=,Yp6c1hqKnmNBHeyUYKDllqjwQLs=
12,5,1s2n/bBfd8TLPNcM3CyEZOZ3ZA4=,Yp6c1hqKnmNBHeyUYKDllqjwQLs=
12,6,1s2n/bBfd8TLPNcM3CyEZOZ3ZA4=,Yp6c1hqKnmNBHeyUYKDllqjwQLs=
7,9,3wxx3CRmvSzRwsjI9lV6W62IGBo=,ItG8NMZdRTJtVYkzxBwCf/RYw1o=
7,10,3wxx3CRmvSzRwsjI9lV6W62IGBo=,ItG8NMZdRTJtVYkzxBwCf/RYw1o=
7,8,3wxx3CRmvSzRwsjI9lV6W62IGBo=,ItG8NMZdRTJtVYkzxBwCf/RYw1o=
9,8,3wxx3CRmvSzRwsjI9lV6W62IGBo=,pkswZJ8Uuhz31WAA4xb9SEGt0kI=
7,7,3wxx3CRmvSzRwsjI9lV6W62IGBo=,1Vz5X3dgXaP8bjyzZToPGOvNcgk=
8,7,3wxx3CRmvSzRwsjI9lV6W62IGBo=,yj6d3+8rmPUFKWVpKwC61zyKSP0=
9,9,3wxx3CRmvSzRwsjI9lV6W62IGBo=,pkswZJ8Uuhz31WAA4xb9SEGt0kI=
10,7,3wxx3CRmvSzRwsjI9lV6W62IGBo=,yj6d3+8rmPUFKWVpKwC61zyKSP0=
9,10,3wxx3CRmvSzRwsjI9lV6W62IGBo=,pkswZJ8Uuhz31WAA4xb9SEGt0kI=
8,10,3wxx3CRmvSzRwsjI9lV6W62IGBo=,pkswZJ8Uuhz31WAA4xb9SEGt0kI=
10,10,3wxx3CRmvSzRwsjI9lV6W62IGBo=,pkswZJ8Uuhz31WAA4xb9SEGt0kI=
8,8,3wxx3CRmvSzRwsjI9lV6W62IGBo=,pkswZJ8Uuhz31WAA4xb9SEGt0kI=
8,9,3wxx3CRmvSzRwsjI9lV6W62IGBo=,pkswZJ8Uuhz31WAA4xb9SEGt0kI=
10,9,3wxx3CRmvSzRwsjI9lV6W62IGBo=,pkswZJ8Uuhz31WAA4xb9SEGt0kI=
9,7,3wxx3CRmvSzRwsjI9lV6W62IGBo=,yj6d3+8rmPUFKWVpKwC61zyKSP0=
10,8,3wxx3CRmvSzRwsjI9lV6W62IGBo=,pkswZJ8Uuhz31WAA4xb9SEGt0kI=
14,7,3wxx3CRmvSzRwsjI9lV6W62IGBo=,Yp6c1hqKnmNBHeyUYKDllqjwQLs=
14,10,3wxx3CRmvSzRwsjI9lV6W62IGBo=,m3GPAep1N4e63R2H3yfe3TZhLCM=
13,10,3wxx3CRmvSzRwsjI9lV6W62IGBo=,m3GPAep1N4e63R2H3yfe3TZhLCM=
13,7,3wxx3CRmvSzRwsjI9lV6W62IGBo=,Yp6c1hqKnmNBHeyUYKDllqjwQLs=
12,7,3wxx3CRmvSzRwsjI9lV6W62IGBo=,Yp6c1hqKnmNBHeyUYKDllqjwQLs=
12,9,3wxx3CRmvSzRwsjI9lV6W62IGBo=,m3GPAep1N4e63R2H3yfe3TZhLCM=
11,8,3wxx3CRmvSzRwsjI9lV6W62IGBo=,pkswZJ8Uuhz31WAA4xb9SEGt0kI=
12,8,3wxx3CRmvSzRwsjI9lV6W62IGBo=,m3GPAep1N4e63R2H3yfe3TZhLCM=
11,9,3wxx3CRmvSzRwsjI9lV6W62IGBo=,pkswZJ8Uuhz31WAA4xb9SEGt0kI=
11,7,3wxx3CRmvSzRwsjI9lV6W62IGBo=,yj6d3+8rmPUFKWVpKwC61zyKSP0=
14,8,3wxx3CRmvSzRwsjI9lV6W62IGBo=,m3GPAep1N4e63R2H3yfe3TZhLCM=
11,10,3wxx3CRmvSzRwsjI9lV6W62IGBo=,pkswZJ8Uuhz31WAA4xb9SEGt0kI=
13,9,3wxx3CRmvSzRwsjI9lV6W62IGBo=,m3GPAep1N4e63R2H3yfe3TZhLCM=
13,8,3wxx3CRmvSzRwsjI9lV6W62IGBo=,m3GPAep1N4e63R2H3yfe3TZhLCM=
12,10,3wxx3CRmvSzRwsjI9lV6W62IGBo=,m3GPAep1N4e63R2H3yfe3TZhLCM=
14,9,3wxx3CRmvSzRwsjI9lV6W62IGBo=,m3GPAep1N4e63R2H3yfe3TZhLCM=
14,3,3wxx3CRmvSzRwsjI9lV6W62IGBo=,DjD7Ap5s3IuDkCIu/GAbrcfVRr8=
13,3,3wxx3CRmvSzRwsjI9lV6W62IGBo=,DjD7Ap5s3IuDkCIu/GAbrcfVRr8=
14,2,3wxx3CRmvSzRwsjI9lV6W62IGBo=,DjD7Ap5s3IuDkCIu/GAbrcfVRr8=
13,2,3wxx3CRmvSzRwsjI9lV6W62IGBo=,DjD7Ap5s3IuDkCIu/GAbrcfVRr8=
14,4,3wxx3CRmvSzRwsjI9lV6W62IGBo=,Yp6c1hqKnmNBHeyUYKDllqjwQLs=
14,1,3wxx3CRmvSzRwsjI9lV6W62IGBo=,DjD7Ap5s3IuDkCIu/GAbrcfVRr8=
13,1,3wxx3CRmvSzRwsjI9lV6W62IGBo=,DjD7Ap5s3IuDkCIu/GAbrcfVRr8=
13,4,3wxx3CRmvSzRwsjI9lV6W62IGBo=,Yp6c1hqKnmNBHeyUYKDllqjwQLs=
9,13,U1NOn45bO/tLdKE8MJfcb5Ljydc=,yIv+rxBzTp+uR4Q/vy2myyXNysA=
9,14,U1NOn45bO/tLdKE8MJfcb5Ljydc=,yIv+rxBzTp+uR4Q/vy2myyXNysA=
10,13,U1NOn45bO/tLdKE8MJfcb5Ljydc=,yIv+rxBzTp+uR4Q/vy2myyXNysA=
10,12,U1NOn45bO/tLdKE8MJfcb5Ljydc=,yIv+rxBzTp+uR4Q/vy2myyXNysA=
10,11,U1NOn45bO/tLdKE8MJfcb5Ljydc=,pkswZJ8Uuhz31WAA4xb9SEGt0kI=
10,14,U1NOn45bO/tLdKE8MJfcb5Ljydc=,yIv+rxBzTp+uR4Q/vy2myyXNysA=
9,11,U1NOn45bO/tLdKE8MJfcb5Ljydc=,pkswZJ8Uuhz31WAA4xb9SEGt0kI=
9,12,U1NOn45bO/tLdKE8MJfcb5Ljydc=,yIv+rxBzTp+uR4Q/vy2myyXNysA=
12,3,U1NOn45bO/tLdKE8MJfcb5Ljydc=,DjD7Ap5s3IuDkCIu/GAbrcfVRr8=
11,2,U1NOn45bO/tLdKE8MJfcb5Ljydc=,LUWMRrpuxoSrt/ysmRyz7BBGx/Y=
11,1,U1NOn45bO/tLdKE8MJfcb5Ljydc=,LUWMRrpuxoSrt/ysmRyz7BBGx/Y=
12,2,U1NOn45bO/tLdKE8MJfcb5Ljydc=,DjD7Ap5s3IuDkCIu/GAbrcfVRr8=
12,1,U1NOn45bO/tLdKE8MJfcb5Ljydc=,DjD7Ap5s3IuDkCIu/GAbrcfVRr8=
9,1,U1NOn45bO/tLdKE8MJfcb5Ljydc=,LUWMRrpuxoSrt/ysmRyz7BBGx/Y=
11,3,U1NOn45bO/tLdKE8MJfcb5Ljydc=,LUWMRrpuxoSrt/ysmRyz7BBGx/Y=
12,4,U1NOn45bO/tLdKE8MJfcb5Ljydc=,Yp6c1hqKnmNBHeyUYKDllqjwQLs=
11,4,U1NOn45bO/tLdKE8MJfcb5Ljydc=,yj6d3+8rmPUFKWVpKwC61zyKSP0=
10,4,U1NOn45bO/tLdKE8MJfcb5Ljydc=,yj6d3+8rmPUFKWVpKwC61zyKSP0=
10,3,U1NOn45bO/tLdKE8MJfcb5Ljydc=,LUWMRrpuxoSrt/ysmRyz7BBGx/Y=
9,4,U1NOn45bO/tLdKE8MJfcb5Ljydc=,yj6d3+8rmPUFKWVpKwC61zyKSP0=
9,3,U1NOn45bO/tLdKE8MJfcb5Ljydc=,LUWMRrpuxoSrt/ysmRyz7BBGx/Y=
9,2,U1NOn45bO/tLdKE8MJfcb5Ljydc=,LUWMRrpuxoSrt/ysmRyz7BBGx/Y=
10,2,U1NOn45bO/tLdKE8MJfcb5Ljydc=,LUWMRrpuxoSrt/ysmRyz7BBGx/Y=
10,1,U1NOn45bO/tLdKE8MJfcb5Ljydc=,LUWMRrpuxoSrt/ysmRyz7BBGx/Y=
8,13,U1NOn45bO/tLdKE8MJfcb5Ljydc=,yIv+rxBzTp+uR4Q/vy2myyXNysA=
6,11,U1NOn45bO/tLdKE8MJfcb5Ljydc=,ItG8NMZdRTJtVYkzxBwCf/RYw1o=
7,11,U1NOn45bO/tLdKE8MJfcb5Ljydc=,ItG8NMZdRTJtVYkzxBwCf/RYw1o=
7,14,U1NOn45bO/tLdKE8MJfcb5Ljydc=,jTtnwCDNipU+ppJuKJmIOHwRkw4=
6,14,U1NOn45bO/tLdKE8MJfcb5Ljydc=,jTtnwCDNipU+ppJuKJmIOHwRkw4=
5,11,U1NOn45bO/tLdKE8MJfcb5Ljydc=,ItG8NMZdRTJtVYkzxBwCf/RYw1o=
5,14,U1NOn45bO/tLdKE8MJfcb5Ljydc=,jTtnwCDNipU+ppJuKJmIOHwRkw4=
7,13,U1NOn45bO/tLdKE8MJfcb5Ljydc=,jTtnwCDNipU+ppJuKJmIOHwRkw4=
6,13,U1NOn45bO/tLdKE8MJfcb5Ljydc=,jTtnwCDNipU+ppJuKJmIOHwRkw4=
5,13,U1NOn45bO/tLdKE8MJfcb5Ljydc=,jTtnwCDNipU+ppJuKJmIOHwRkw4=
6,12,U1NOn45bO/tLdKE8MJfcb5Ljydc=,jTtnwCDNipU+ppJuKJmIOHwRkw4=
5,12,U1NOn45bO/tLdKE8MJfcb5Ljydc=,jTtnwCDNipU+ppJuKJmIOHwRkw4=
7,12,U1NOn45bO/tLdKE8MJfcb5Ljydc=,jTtnwCDNipU+ppJuKJmIOHwRkw4=
8,12,U1NOn45bO/tLdKE8MJfcb5Ljydc=,yIv+rxBzTp+uR4Q/vy2myyXNysA=
8,11,U1NOn45bO/tLdKE8MJfcb5Ljydc=,pkswZJ8Uuhz31WAA4xb9SEGt0kI=
8,14,U1NOn45bO/tLdKE8MJfcb5Ljydc=,yIv+rxBzTp+uR4Q/vy2myyXNysA=
11,13,U1NOn45bO/tLdKE8MJfcb5Ljydc=,yIv+rxBzTp+uR4Q/vy2myyXNysA=
11,14,U1NOn45bO/tLdKE8MJfcb5Ljydc=,yIv+rxBzTp+uR4Q/vy2myyXNysA=
12,12,U1NOn45bO/tLdKE8MJfcb5Ljydc=,uwgQDUbpwynEyRPUXcS0Ix4cxcI=
12,13,U1NOn45bO/tLdKE8MJfcb5Ljydc=,uwgQDUbpwynEyRPUXcS0Ix4cxcI=
11,11,U1NOn45bO/tLdKE8MJfcb5Ljydc=,pkswZJ8Uuhz31WAA4xb9SEGt0kI=
12,11,U1NOn45bO/tLdKE8MJfcb5Ljydc=,m3GPAep1N4e63R2H3yfe3TZhLCM=
11,12,U1NOn45bO/tLdKE8MJfcb5Ljydc=,yIv+rxBzTp+uR4Q/vy2myyXNysA=
13,12,U1NOn45bO/tLdKE8MJfcb5Ljydc=,uwgQDUbpwynEyRPUXcS0Ix4cxcI=
14,14,U1NOn45bO/tLdKE8MJfcb5Ljydc=,uwgQDUbpwynEyRPUXcS0Ix4cxcI=
14,11,U1NOn45bO/tLdKE8MJfcb5Ljydc=,m3GPAep1N4e63R2H3yfe3TZhLCM=
14,12,U1NOn45bO/tLdKE8MJfcb5Ljydc=,uwgQDUbpwynEyRPUXcS0Ix4cxcI=
13,14,U1NOn45bO/tLdKE8MJfcb5Ljydc=,uwgQDUbpwynEyRPUXcS0Ix4cxcI=
13,11,U1NOn45bO/tLdKE8MJfcb5Ljydc=,m3GPAep1N4e63R2H3yfe3TZhLCM=
12,14,U1NOn45bO/tLdKE8MJfcb5Ljydc=,uwgQDUbpwynEyRPUXcS0Ix4cxcI=
13,13,U1NOn45bO/tLdKE8MJfcb5Ljydc=,uwgQDUbpwynEyRPUXcS0Ix4cxcI=
14,13,U1NOn45bO/tLdKE8MJfcb5Ljydc=,uwgQDUbpwynEyRPUXcS0Ix4cxcI=
0,5,83S1WDa9ufzEPu4LoggkeqKkS+Y=,4LyS4xxyspH8ckMR94iGotHwHbo=
0,6,83S1WDa9ufzEPu4LoggkeqKkS+Y=,4LyS4xxyspH8ckMR94iGotHwHbo=
0,10,83S1WDa9ufzEPu4LoggkeqKkS+Y=,knmBett4UOtMrtjdGrv7RKeAuwA=
0,9,83S1WDa9ufzEPu4LoggkeqKkS+Y=,knmBett4UOtMrtjdGrv7RKeAuwA=
0,7,83S1WDa9ufzEPu4LoggkeqKkS+Y=,4LyS4xxyspH8ckMR94iGotHwHbo=
0,8,83S1WDa9ufzEPu4LoggkeqKkS+Y=,knmBett4UOtMrtjdGrv7RKeAuwA=
9,0,83S1WDa9ufzEPu4LoggkeqKkS+Y=,LUWMRrpuxoSrt/ysmRyz7BBGx/Y=
10,0,83S1WDa9ufzEPu4LoggkeqKkS+Y=,LUWMRrpuxoSrt/ysmRyz7BBGx/Y=
14,0,83S1WDa9ufzEPu4LoggkeqKkS+Y=,DjD7Ap5s3IuDkCIu/GAbrcfVRr8=
12,0,83S1WDa9ufzEPu4LoggkeqKkS+Y=,DjD7Ap5s3IuDkCIu/GAbrcfVRr8=
11,0,83S1WDa9ufzEPu4LoggkeqKkS+Y=,LUWMRrpuxoSrt/ysmRyz7BBGx/Y=
13,0,83S1WDa9ufzEPu4LoggkeqKkS+Y=,DjD7Ap5s3IuDkCIu/GAbrcfVRr8=
6,15,83S1WDa9ufzEPu4LoggkeqKkS+Y=,jTtnwCDNipU+ppJuKJmIOHwRkw4=
5,15,83S1WDa9ufzEPu4LoggkeqKkS+Y=,jTtnwCDNipU+ppJuKJmIOHwRkw4=
8,15,83S1WDa9ufzEPu4LoggkeqKkS+Y=,yIv+rxBzTp+uR4Q/vy2myyXNysA=
9,15,83S1WDa9ufzEPu4LoggkeqKkS+Y=,yIv+rxBzTp+uR4Q/vy2myyXNysA=
7,15,83S1WDa9ufzEPu4LoggkeqKkS+Y=,jTtnwCDNipU+ppJuKJmIOHwRkw4=
10,15,83S1WDa9ufzEPu4LoggkeqKkS+Y=,yIv+rxBzTp+uR4Q/vy2myyXNysA=
12,15,83S1WDa9ufzEPu4LoggkeqKkS+Y=,uwgQDUbpwynEyRPUXcS0Ix4cxcI=
14,15,83S1WDa9ufzEPu4LoggkeqKkS+Y=,uwgQDUbpwynEyRPUXcS0Ix4cxcI=
13,15,83S1WDa9ufzEPu4LoggkeqKkS+Y=,uwgQDUbpwynEyRPUXcS0Ix4cxcI=
11,15,83S1WDa9ufzEPu4LoggkeqKkS+Y=,yIv+rxBzTp+uR4Q/vy2myyXNysA=
15,14,83S1WDa9ufzEPu4LoggkeqKkS+Y=,uwgQDUbpwynEyRPUXcS0Ix4cxcI=
15,13,83S1WDa9ufzEPu4LoggkeqKkS+Y=,uwgQDUbpwynEyRPUXcS0Ix4cxcI=
15,11,83S1WDa9ufzEPu4LoggkeqKkS+Y=,m3GPAep1N4e63R2H3yfe3TZhLCM=
15,12,83S1WDa9ufzEPu4LoggkeqKkS+Y=,uwgQDUbpwynEyRPUXcS0Ix4cxcI=
15,10,83S1WDa9ufzEPu4LoggkeqKkS+Y=,m3GPAep1N4e63R2H3yfe3TZhLCM=
15,9,83S1WDa9ufzEPu4LoggkeqKkS+Y=,m3GPAep1N4e63R2H3yfe3TZhLCM=
15,7,83S1WDa9ufzEPu4LoggkeqKkS+Y=,Yp6c1hqKnmNBHeyUYKDllqjwQLs=
15,6,83S1WDa9ufzEPu4LoggkeqKkS+Y=,Yp6c1hqKnmNBHeyUYKDllqjwQLs=
15,5,83S1WDa9ufzEPu4LoggkeqKkS+Y=,Yp6c1hqKnmNBHeyUYKDllqjwQLs=
15,8,83S1WDa9ufzEPu4LoggkeqKkS+Y=,m3GPAep1N4e63R2H3yfe3TZhLCM=
15,4,83S1WDa9ufzEPu4LoggkeqKkS+Y=,Yp6c1hqKnmNBHeyUYKDllqjwQLs=
15,3,83S1WDa9ufzEPu4LoggkeqKkS+Y=,DjD7Ap5s3IuDkCIu/GAbrcfVRr8=
15,1,83S1WDa9ufzEPu4LoggkeqKkS+Y=,DjD7Ap5s3IuDkCIu/GAbrcfVRr8=
15,2,83S1WDa9ufzEPu4LoggkeqKkS+Y=,DjD7Ap5s3IuDkCIu/GAbrcfVRr8=
15,15,83S1WDa9ufzEPu4LoggkeqKkS+Y=,uwgQDUbpwynEyRPUXcS0Ix4cxcI=
15,0,83S1WDa9ufzEPu4LoggkeqKkS+Y=,DjD7Ap5s3IuDkCIu/GAbrcfVRr8=
3,11,83S1WDa9ufzEPu4LoggkeqKkS+Y=,knmBett4UOtMrtjdGrv7RKeAuwA=
2,14,83S1WDa9ufzEPu4LoggkeqKkS+Y=,hopRy9S9I5wd8FMttQlmtaEI36s=
2,15,83S1WDa9ufzEPu4LoggkeqKkS+Y=,hopRy9S9I5wd8FMttQlmtaEI36s=
1,14,83S1WDa9ufzEPu4LoggkeqKkS+Y=,hopRy9S9I5wd8FMttQlmtaEI36s=
2,13,83S1WDa9ufzEPu4LoggkeqKkS+Y=,hopRy9S9I5wd8FMttQlmtaEI36s=
3,12,83S1WDa9ufzEPu4LoggkeqKkS+Y=,hopRy9S9I5wd8FMttQlmtaEI36s=
4,15,83S1WDa9ufzEPu4LoggkeqKkS+Y=,jTtnwCDNipU+ppJuKJmIOHwRkw4=
1,11,83S1WDa9ufzEPu4LoggkeqKkS+Y=,knmBett4UOtMrtjdGrv7RKeAuwA=
2,11,83S1WDa9ufzEPu4LoggkeqKkS+Y=,knmBett4UOtMrtjdGrv7RKeAuwA=
0,12,83S1WDa9ufzEPu4LoggkeqKkS+Y=,hopRy9S9I5wd8FMttQlmtaEI36s=
1,15,83S1WDa9ufzEPu4LoggkeqKkS+Y=,hopRy9S9I5wd8FMttQlmtaEI36s=
3,15,83S1WDa9ufzEPu4LoggkeqKkS+Y=,hopRy9S9I5wd8FMttQlmtaEI36s=
2,12,83S1WDa9ufzEPu4LoggkeqKkS+Y=,hopRy9S9I5wd8FMttQlmtaEI36s=
0,11,83S1WDa9ufzEPu4LoggkeqKkS+Y=,knmBett4UOtMrtjdGrv7RKeAuwA=
1,12,83S1WDa9ufzEPu4LoggkeqKkS+Y=,hopRy9S9I5wd8FMttQlmtaEI36s=
0,14,83S1WDa9ufzEPu4LoggkeqKkS+Y=,hopRy9S9I5wd8FMttQlmtaEI36s=
3,14,/+r96nc7oifzb/rewRFTd9KEWmY=,hopRy9S9I5wd8FMttQlmtaEI36s=
4,14,/+r96nc7oifzb/rewRFTd9KEWmY=,jTtnwCDNipU+ppJuKJmIOHwRkw4=
0,13,/+r96nc7oifzb/rewRFTd9KEWmY=,hopRy9S9I5wd8FMttQlmtaEI36s=
4,12,/+r96nc7oifzb/rewRFTd9KEWmY=,jTtnwCDNipU+ppJuKJmIOHwRkw4=
1,13,/+r96nc7oifzb/rewRFTd9KEWmY=,hopRy9S9I5wd8FMttQlmtaEI36s=
4,11,/+r96nc7oifzb/rewRFTd9KEWmY=,ItG8NMZdRTJtVYkzxBwCf/RYw1o=
0,15,/+r96nc7oifzb/rewRFTd9KEWmY=,hopRy9S9I5wd8FMttQlmtaEI36s=
4,13,/+r96nc7oifzb/rewRFTd9KEWmY=,jTtnwCDNipU+ppJuKJmIOHwRkw4=
3,13,/+r96nc7oifzb/rewRFTd9KEWmY=,hopRy9S9I5wd8FMttQlmtaEI36s=
7,0,/+r96nc7oifzb/rewRFTd9KEWmY=,/ttek74wJN8Lk8fZaCJGJRsp9Dk=
7,2,/+r96nc7oifzb/rewRFTd9KEWmY=,/ttek74wJN8Lk8fZaCJGJRsp9Dk=
5,3,/+r96nc7oifzb/rewRFTd9KEWmY=,/ttek74wJN8Lk8fZaCJGJRsp9Dk=
6,0,/+r96nc7oifzb/rewRFTd9KEWmY=,/ttek74wJN8Lk8fZaCJGJRsp9Dk=
7,4,/+r96nc7oifzb/rewRFTd9KEWmY=,1Vz5X3dgXaP8bjyzZToPGOvNcgk=
8,2,/+r96nc7oifzb/rewRFTd9KEWmY=,LUWMRrpuxoSrt/ysmRyz7BBGx/Y=
8,0,/+r96nc7oifzb/rewRFTd9KEWmY=,LUWMRrpuxoSrt/ysmRyz7BBGx/Y=
7,1,/+r96nc7oifzb/rewRFTd9KEWmY=,/ttek74wJN8Lk8fZaCJGJRsp9Dk=
5,1,/+r96nc7oifzb/rewRFTd9KEWmY=,/ttek74wJN8Lk8fZaCJGJRsp9Dk=
6,4,/+r96nc7oifzb/rewRFTd9KEWmY=,1Vz5X3dgXaP8bjyzZToPGOvNcgk=
5,0,/+r96nc7oifzb/rewRFTd9KEWmY=,/ttek74wJN8Lk8fZaCJGJRsp9Dk=
6,1,/+r96nc7oifzb/rewRFTd9KEWmY=,/ttek74wJN8Lk8fZaCJGJRsp9Dk=
6,3,/+r96nc7oifzb/rewRFTd9KEWmY=,/ttek74wJN8Lk8fZaCJGJRsp9Dk=
8,3,/+r96nc7oifzb/rewRFTd9KEWmY=,LUWMRrpuxoSrt/ysmRyz7BBGx/Y=
6,2,/+r96nc7oifzb/rewRFTd9KEWmY=,/ttek74wJN8Lk8fZaCJGJRsp9Dk=
8,1,/+r96nc7oifzb/rewRFTd9KEWmY=,LUWMRrpuxoSrt/ysmRyz7BBGx/Y=
5,2,/+r96nc7oifzb/rewRFTd9KEWmY=,/ttek74wJN8Lk8fZaCJGJRsp9Dk=
8,4,/+r96nc7oifzb/rewRFTd9KEWmY=,yj6d3+8rmPUFKWVpKwC61zyKSP0=
5,4,/+r96nc7oifzb/rewRFTd9KEWmY=,1Vz5X3dgXaP8bjyzZToPGOvNcgk=
7,3,/+r96nc7oifzb/rewRFTd9KEWmY=,/ttek74wJN8Lk8fZaCJGJRsp9Dk=
3,4,/+r96nc7oifzb/rewRFTd9KEWmY=,4LyS4xxyspH8ckMR94iGotHwHbo=
3,2,/+r96nc7oifzb/rewRFTd9KEWmY=,+2hphya1hfdiuU5ucsZGonWTb4Q=
1,4,/+r96nc7oifzb/rewRFTd9KEWmY=,4LyS4xxyspH8ckMR94iGotHwHbo=
4,3,/+r96nc7oifzb/rewRFTd9KEWmY=,/ttek74wJN8Lk8fZaCJGJRsp9Dk=
3,0,/+r96nc7oifzb/rewRFTd9KEWmY=,+2hphya1hfdiuU5ucsZGonWTb4Q=
0,0,/+r96nc7oifzb/rewRFTd9KEWmY=,+2hphya1hfdiuU5ucsZGonWTb4Q=
0,3,/+r96nc7oifzb/rewRFTd9KEWmY=,+2hphya1hfdiuU5ucsZGonWTb4Q=
0,4,/+r96nc7oifzb/rewRFTd9KEWmY=,4LyS4xxyspH8ckMR94iGotHwHbo=
1,2,/+r96nc7oifzb/rewRFTd9KEWmY=,+2hphya1hfdiuU5ucsZGonWTb4Q=
4,1,/+r96nc7oifzb/rewRFTd9KEWmY=,/ttek74wJN8Lk8fZaCJGJRsp9Dk=
3,1,/+r96nc7oifzb/rewRFTd9KEWmY=,+2hphya1hfdiuU5ucsZGonWTb4Q=
0,1,/+r96nc7oifzb/rewRFTd9KEWmY=,+2hphya1hfdiuU5ucsZGonWTb4Q=
1,1,/+r96nc7oifzb/rewRFTd9KEWmY=,+2hphya1hfdiuU5ucsZGonWTb4Q=
2,2,/+r96nc7oifzb/rewRFTd9KEWmY=,+2hphya1hfdiuU5ucsZGonWTb4Q=
2,3,/+r96nc7oifzb/rewRFTd9KEWmY=,+2hphya1hfdiuU5ucsZGonWTb4Q=
2,0,/+r96nc7oifzb/rewRFTd9KEWmY=,+2hphya1hfdiuU5ucsZGonWTb4Q=
4,0,/+r96nc7oifzb/rewRFTd9KEWmY=,/ttek74wJN8Lk8fZaCJGJRsp9Dk=
4,4,/+r96nc7oifzb/rewRFTd9KEWmY=,1Vz5X3dgXaP8bjyzZToPGOvNcgk=
0,2,/+r96nc7oifzb/rewRFTd9KEWmY=,+2hphya1hfdiuU5ucsZGonWTb4Q=
2,1,/+r96nc7oifzb/rewRFTd9KEWmY=,+2hphya1hfdiuU5ucsZGonWTb4Q=
4,2,/+r96nc7oifzb/rewRFTd9KEWmY=,/ttek74wJN8Lk8fZaCJGJRsp9Dk=
1,3,/+r96nc7oifzb/rewRFTd9KEWmY=,+2hphya1hfdiuU5ucsZGonWTb4Q=
1,0,/+r96nc7oifzb/rewRFTd9KEWmY=,+2hphya1hfdiuU5ucsZGonWTb4Q=
2,4,/+r96nc7oifzb/rewRFTd9KEWmY=,4LyS4xxyspH8ckMR94iGotHwHbo=
3,3,/+r96nc7oifzb/rewRFTd9KEWmY=,+2hphya1hfdiuU5ucsZGonWTb4Q=
6,22,uWRFoCZKuQ0GjIfyHCIfiwnFUuo=,nSPMyAEDtyvZmooJGoYa3Dj+/1U=
5,21,uWRFoCZKuQ0GjIfyHCIfiwnFUuo=,nSPMyAEDtyvZmooJGoYa3Dj+/1U=
6,21,uWRFoCZKuQ0GjIfyHCIfiwnFUuo=,nSPMyAEDtyvZmooJGoYa3Dj+/1U=
5,22,uWRFoCZKuQ0GjIfyHCIfiwnFUuo=,nSPMyAEDtyvZmooJGoYa3Dj+/1U=
5,19,uWRFoCZKuQ0GjIfyHCIfiwnFUuo=,1zjZVyBbOPDC33pxQSgHaZdf1qE=
5,20,uWRFoCZKuQ0GjIfyHCIfiwnFUuo=,nSPMyAEDtyvZmooJGoYa3Dj+/1U=
6,20,uWRFoCZKuQ0GjIfyHCIfiwnFUuo=,nSPMyAEDtyvZmooJGoYa3Dj+/1U=
6,19,uWRFoCZKuQ0GjIfyHCIfiwnFUuo=,1zjZVyBbOPDC33pxQSgHaZdf1qE=
6,18,uWRFoCZKuQ0GjIfyHCIfiwnFUuo=,1zjZVyBbOPDC33pxQSgHaZdf1qE=
5,17,uWRFoCZKuQ0GjIfyHCIfiwnFUuo=,1zjZVyBbOPDC33pxQSgHaZdf1qE=
5,18,uWRFoCZKuQ0GjIfyHCIfiwnFUuo=,1zjZVyBbOPDC33pxQSgHaZdf1qE=
6,17,uWRFoCZKuQ0GjIfyHCIfiwnFUuo=,1zjZVyBbOPDC33pxQSgHaZdf1qE=
2,25,uWRFoCZKuQ0GjIfyHCIfiwnFUuo=,p4sat6OAJGcUBp5cI4SNLL2ZYfE=
1,25,uWRFoCZKuQ0GjIfyHCIfiwnFUuo=,p4sat6OAJGcUBp5cI4SNLL2ZYfE=
2,26,uWRFoCZKuQ0GjIfyHCIfiwnFUuo=,p4sat6OAJGcUBp5cI4SNLL2ZYfE=
1,26,uWRFoCZKuQ0GjIfyHCIfiwnFUuo=,p4sat6OAJGcUBp5cI4SNLL2ZYfE=
9,25,uWRFoCZKuQ0GjIfyHCIfiwnFUuo=,f6MCcmViGBYKxTfUG5cxsAZtmQc=
10,26,uWRFoCZKuQ0GjIfyHCIfiwnFUuo=,f6MCcmViGBYKxTfUG5cxsAZtmQc=
9,26,uWRFoCZKuQ0GjIfyHCIfiwnFUuo=,f6MCcmViGBYKxTfUG5cxsAZtmQc=
10,25,uWRFoCZKuQ0GjIfyHCIfiwnFUuo=,f6MCcmViGBYKxTfUG5cxsAZtmQc=
3,25,uWRFoCZKuQ0GjIfyHCIfiwnFUuo=,p4sat6OAJGcUBp5cI4SNLL2ZYfE=
5,23,uWRFoCZKuQ0GjIfyHCIfiwnFUuo=,nSPMyAEDtyvZmooJGoYa3Dj+/1U=
7,26,uWRFoCZKuQ0GjIfyHCIfiwnFUuo=,djhvr9/imPZ8o2dEcCimFvPFevw=
6,23,uWRFoCZKuQ0GjIfyHCIfiwnFUuo=,nSPMyAEDtyvZmooJGoYa3Dj+/1U=
5,24,uWRFoCZKuQ0GjIfyHCIfiwnFUuo=,djhvr9/imPZ8o2dEcCimFvPFevw=
6,24,uWRFoCZKuQ0GjIfyHCIfiwnFUuo=,djhvr9/imPZ8o2dEcCimFvPFevw=
8,25,uWRFoCZKuQ0GjIfyHCIfiwnFUuo=,f6MCcmViGBYKxTfUG5cxsAZtmQc=
4,25,uWRFoCZKuQ0GjIfyHCIfiwnFUuo=,djhvr9/imPZ8o2dEcCimFvPFevw=
5,25,uWRFoCZKuQ0GjIfyHCIfiwnFUuo=,djhvr9/imPZ8o2dEcCimFvPFevw=
3,26,uWRFoCZKuQ0GjIfyHCIfiwnFUuo=,p4sat6OAJGcUBp5cI4SNLL2ZYfE=
6,25,uWRFoCZKuQ0GjIfyHCIfiwnFUuo=,djhvr9/imPZ8o2dEcCimFvPFevw=
7,25,uWRFoCZKuQ0GjIfyHCIfiwnFUuo=,djhvr9/imPZ8o2dEcCimFvPFevw=
4,26,uWRFoCZKuQ0GjIfyHCIfiwnFUuo=,djhvr9/imPZ8o2dEcCimFvPFevw=
8,26,uWRFoCZKuQ0GjIfyHCIfiwnFUuo=,f6MCcmViGBYKxTfUG5cxsAZtmQc=
5,26,uWRFoCZKuQ0GjIfyHCIfiwnFUuo=,djhvr9/imPZ8o2dEcCimFvPFevw=
6,26,uWRFoCZKuQ0GjIfyHCIfiwnFUuo=,djhvr9/imPZ8o2dEcCimFvPFevw=
8,21,uWRFoCZKuQ0GjIfyHCIfiwnFUuo=,AKIcyl2PUM8czbivyEmpivTyJN0=
7,22,uWRFoCZKuQ0GjIfyHCIfiwnFUuo=,nSPMyAEDtyvZmooJGoYa3Dj+/1U=
10,24,uWRFoCZKuQ0GjIfyHCIfiwnFUuo=,f6MCcmViGBYKxTfUG5cxsAZtmQc=
9,24,uWRFoCZKuQ0GjIfyHCIfiwnFUuo=,f6MCcmViGBYKxTfUG5cxsAZtmQc=
8,24,uWRFoCZKuQ0GjIfyHCIfiwnFUuo=,f6MCcmViGBYKxTfUG5cxsAZtmQc=
10,23,uWRFoCZKuQ0GjIfyHCIfiwnFUuo=,AKIcyl2PUM8czbivyEmpivTyJN0=
7,24,uWRFoCZKuQ0GjIfyHCIfiwnFUuo=,djhvr9/imPZ8o2dEcCimFvPFevw=
7,21,uWRFoCZKuQ0GjIfyHCIfiwnFUuo=,nSPMyAEDtyvZmooJGoYa3Dj+/1U=
9,23,uWRFoCZKuQ0GjIfyHCIfiwnFUuo=,AKIcyl2PUM8czbivyEmpivTyJN0=
8,23,uWRFoCZKuQ0GjIfyHCIfiwnFUuo=,AKIcyl2PUM8czbivyEmpivTyJN0=
9,22,uWRFoCZKuQ0GjIfyHCIfiwnFUuo=,AKIcyl2PUM8czbivyEmpivTyJN0=
8,22,uWRFoCZKuQ0GjIfyHCIfiwnFUuo=,AKIcyl2PUM8czbivyEmpivTyJN0=
10,22,uWRFoCZKuQ0GjIfyHCIfiwnFUuo=,AKIcyl2PUM8czbivyEmpivTyJN0=
7,23,uWRFoCZKuQ0GjIfyHCIfiwnFUuo=,nSPMyAEDtyvZmooJGoYa3Dj+/1U=
10,21,uWRFoCZKuQ0GjIfyHCIfiwnFUuo=,AKIcyl2PUM8czbivyEmpivTyJN0=
9,21,uWRFoCZKuQ0GjIfyHCIfiwnFUuo=,AKIcyl2PUM8czbivyEmpivTyJN0=
13,17,uWRFoCZKuQ0GjIfyHCIfiwnFUuo=,+Rvb5CwdsYALv2Bzipeo9UeGyNM=
13,18,uWRFoCZKuQ0GjIfyHCIfiwnFUuo=,+Rvb5CwdsYALv2Bzipeo9UeGyNM=
14,17,uWRFoCZKuQ0GjIfyHCIfiwnFUuo=,+Rvb5CwdsYALv2Bzipeo9UeGyNM=
14,18,uWRFoCZKuQ0GjIfyHCIfiwnFUuo=,+Rvb5CwdsYALv2Bzipeo9UeGyNM=
11,21,uWRFoCZKuQ0GjIfyHCIfiwnFUuo=,AKIcyl2PUM8czbivyEmpivTyJN0=
14,19,uWRFoCZKuQ0GjIfyHCIfiwnFUuo=,+Rvb5CwdsYALv2Bzipeo9UeGyNM=
13,19,uWRFoCZKuQ0GjIfyHCIfiwnFUuo=,+Rvb5CwdsYALv2Bzipeo9UeGyNM=
11,22,uWRFoCZKuQ0GjIfyHCIfiwnFUuo=,AKIcyl2PUM8czbivyEmpivTyJN0=
2,23,1V3OyLOluzEEZRGolhFrdh/6810=,v1AWK5cx/ZShr3xQyz6Z9/h+uXA=
1,24,1V3OyLOluzEEZRGolhFrdh/6810=,p4sat6OAJGcUBp5cI4SNLL2ZYfE=
3,23,1V3OyLOluzEEZRGolhFrdh/6810=,v1AWK5cx/ZShr3xQyz6Z9/h+uXA=
4,23,1V3OyLOluzEEZRGolhFrdh/6810=,nSPMyAEDtyvZmooJGoYa3Dj+/1U=
2,22,1V3OyLOluzEEZRGolhFrdh/6810=,v1AWK5cx/ZShr3xQyz6Z9/h+uXA=
3,22,1V3OyLOluzEEZRGolhFrdh/6810=,v1AWK5cx/ZShr3xQyz6Z9/h+uXA=
2,24,1V3OyLOluzEEZRGolhFrdh/6810=,p4sat6OAJGcUBp5cI4SNLL2ZYfE=
1,23,1V3OyLOluzEEZRGolhFrdh/6810=,v1AWK5cx/ZShr3xQyz6Z9/h+uXA=
1,21,1V3OyLOluzEEZRGolhFrdh/6810=,v1AWK5cx/ZShr3xQyz6Z9/h+uXA=
4,21,1V3OyLOluzEEZRGolhFrdh/6810=,nSPMyAEDtyvZmooJGoYa3Dj+/1U=
2,21,1V3OyLOluzEEZRGolhFrdh/6810=,v1AWK5cx/ZShr3xQyz6Z9/h+uXA=
3,21,1V3OyLOluzEEZRGolhFrdh/6810=,v1AWK5cx/ZShr3xQyz6Z9/h+uXA=
4,22,1V3OyLOluzEEZRGolhFrdh/6810=,nSPMyAEDtyvZmooJGoYa3Dj+/1U=
4,24,1V3OyLOluzEEZRGolhFrdh/6810=,djhvr9/imPZ8o2dEcCimFvPFevw=
1,22,1V3OyLOluzEEZRGolhFrdh/6810=,v1AWK5cx/ZShr3xQyz6Z9/h+uXA=
3,24,1V3OyLOluzEEZRGolhFrdh/6810=,p4sat6OAJGcUBp5cI4SNLL2ZYfE=
12,17,1V3OyLOluzEEZRGolhFrdh/6810=,+Rvb5CwdsYALv2Bzipeo9UeGyNM=
7,20,1V3OyLOluzEEZRGolhFrdh/6810=,nSPMyAEDtyvZmooJGoYa3Dj+/1U=
12,18,1V3OyLOluzEEZRGolhFrdh/6810=,+Rvb5CwdsYALv2Bzipeo9UeGyNM=
8,19,1V3OyLOluzEEZRGolhFrdh/6810=,0K/ciK8UHavyMIUlKMZvl7/MXvA=
9,16,1V3OyLOluzEEZRGolhFrdh/6810=,0K/ciK8UHavyMIUlKMZvl7/MXvA=
10,16,1V3OyLOluzEEZRGolhFrdh/6810=,0K/ciK8UHavyMIUlKMZvl7/MXvA=
0,22,1V3OyLOluzEEZRGolhFrdh/6810=,v1AWK5cx/ZShr3xQyz6Z9/h+uXA=
0,21,1V3OyLOluzEEZRGolhFrdh/6810=,v1AWK5cx/ZShr3xQyz6Z9/h+uXA=
11,18,1V3OyLOluzEEZRGolhFrdh/6810=,0K/ciK8UHavyMIUlKMZvl7/MXvA=
10,18,1V3OyLOluzEEZRGolhFrdh/6810=,0K/ciK8UHavyMIUlKMZvl7/MXvA=
11,20,1V3OyLOluzEEZRGolhFrdh/6810=,AKIcyl2PUM8czbivyEmpivTyJN0=
7,18,1V3OyLOluzEEZRGolhFrdh/6810=,1zjZVyBbOPDC33pxQSgHaZdf1qE=
9,18,1V3OyLOluzEEZRGolhFrdh/6810=,0K/ciK8UHavyMIUlKMZvl7/MXvA=
8,18,1V3OyLOluzEEZRGolhFrdh/6810=,0K/ciK8UHavyMIUlKMZvl7/MXvA=
11,17,1V3OyLOluzEEZRGolhFrdh/6810=,0K/ciK8UHavyMIUlKMZvl7/MXvA=
10,17,1V3OyLOluzEEZRGolhFrdh/6810=,0K/ciK8UHavyMIUlKMZvl7/MXvA=
9,17,1V3OyLOluzEEZRGolhFrdh/6810=,0K/ciK8UHavyMIUlKMZvl7/MXvA=
10,20,1V3OyLOluzEEZRGolhFrdh/6810=,AKIcyl2PUM8czbivyEmpivTyJN0=
9,20,1V3OyLOluzEEZRGolhFrdh/6810=,AKIcyl2PUM8czbivyEmpivTyJN0=
8,20,1V3OyLOluzEEZRGolhFrdh/6810=,AKIcyl2PUM8czbivyEmpivTyJN0=
8,17,1V3OyLOluzEEZRGolhFrdh/6810=,0K/ciK8UHavyMIUlKMZvl7/MXvA=
11,19,1V3OyLOluzEEZRGolhFrdh/6810=,0K/ciK8UHavyMIUlKMZvl7/MXvA=
10,19,1V3OyLOluzEEZRGolhFrdh/6810=,0K/ciK8UHavyMIUlKMZvl7/MXvA=
7,17,1V3OyLOluzEEZRGolhFrdh/6810=,1zjZVyBbOPDC33pxQSgHaZdf1qE=
7,19,1V3OyLOluzEEZRGolhFrdh/6810=,1zjZVyBbOPDC33pxQSgHaZdf1qE=
9,19,1V3OyLOluzEEZRGolhFrdh/6810=,0K/ciK8UHavyMIUlKMZvl7/MXvA=
12,19,1V3OyLOluzEEZRGolhFrdh/6810=,+Rvb5CwdsYALv2Bzipeo9UeGyNM=
11,23,1V3OyLOluzEEZRGolhFrdh/6810=,AKIcyl2PUM8czbivyEmpivTyJN0=
11,24,1V3OyLOluzEEZRGolhFrdh/6810=,f6MCcmViGBYKxTfUG5cxsAZtmQc=
11,25,1V3OyLOluzEEZRGolhFrdh/6810=,f6MCcmViGBYKxTfUG5cxsAZtmQc=
11,26,1V3OyLOluzEEZRGolhFrdh/6810=,f6MCcmViGBYKxTfUG5cxsAZtmQc=
9,27,1V3OyLOluzEEZRGolhFrdh/6810=,f6MCcmViGBYKxTfUG5cxsAZtmQc=
10,27,1V3OyLOluzEEZRGolhFrdh/6810=,f6MCcmViGBYKxTfUG5cxsAZtmQc=
5,16,1V3OyLOluzEEZRGolhFrdh/6810=,1zjZVyBbOPDC33pxQSgHaZdf1qE=
1,29,1V3OyLOluzEEZRGolhFrdh/6810=,0xwhaoTpz/bsMu1w46r5H8oLEHU=
1,28,1V3OyLOluzEEZRGolhFrdh/6810=,0xwhaoTpz/bsMu1w46r5H8oLEHU=
2,28,1V3OyLOluzEEZRGolhFrdh/6810=,0xwhaoTpz/bsMu1w46r5H8oLEHU=
2,29,1V3OyLOluzEEZRGolhFrdh/6810=,0xwhaoTpz/bsMu1w46r5H8oLEHU=
1,27,1V3OyLOluzEEZRGolhFrdh/6810=,p4sat6OAJGcUBp5cI4SNLL2ZYfE=
2,27,1V3OyLOluzEEZRGolhFrdh/6810=,p4sat6OAJGcUBp5cI4SNLL2ZYfE=
2,30,1V3OyLOluzEEZRGolhFrdh/6810=,0xwhaoTpz/bsMu1w46r5H8oLEHU=
1,30,1V3OyLOluzEEZRGolhFrdh/6810=,0xwhaoTpz/bsMu1w46r5H8oLEHU=
8,27,1V3OyLOluzEEZRGolhFrdh/6810=,f6MCcmViGBYKxTfUG5cxsAZtmQc=
4,27,1V3OyLOluzEEZRGolhFrdh/6810=,djhvr9/imPZ8o2dEcCimFvPFevw=
6,27,1V3OyLOluzEEZRGolhFrdh/6810=,djhvr9/imPZ8o2dEcCimFvPFevw=
5,27,1V3OyLOluzEEZRGolhFrdh/6810=,djhvr9/imPZ8o2dEcCimFvPFevw=
7,27,1V3OyLOluzEEZRGolhFrdh/6810=,djhvr9/imPZ8o2dEcCimFvPFevw=
3,28,1V3OyLOluzEEZRGolhFrdh/6810=,0xwhaoTpz/bsMu1w46r5H8oLEHU=
3,30,1V3OyLOluzEEZRGolhFrdh/6810=,0xwhaoTpz/bsMu1w46r5H8oLEHU=
3,29,1V3OyLOluzEEZRGolhFrdh/6810=,0xwhaoTpz/bsMu1w46r5H8oLEHU=
3,27,1V3OyLOluzEEZRGolhFrdh/6810=,p4sat6OAJGcUBp5cI4SNLL2ZYfE=
7,16,1V3OyLOluzEEZRGolhFrdh/6810=,1zjZVyBbOPDC33pxQSgHaZdf1qE=
8,16,1V3OyLOluzEEZRGolhFrdh/6810=,0K/ciK8UHavyMIUlKMZvl7/MXvA=
6,16,1V3OyLOluzEEZRGolhFrdh/6810=,1zjZVyBbOPDC33pxQSgHaZdf1qE=
3,19,1V3OyLOluzEEZRGolhFrdh/6810=,HTEScV2sWRfJLymOZdLRsj5Ui8M=
0,17,1V3OyLOluzEEZRGolhFrdh/6810=,HTEScV2sWRfJLymOZdLRsj5Ui8M=
1,17,1V3OyLOluzEEZRGolhFrdh/6810=,HTEScV2sWRfJLymOZdLRsj5Ui8M=
1,20,1V3OyLOluzEEZRGolhFrdh/6810=,v1AWK5cx/ZShr3xQyz6Z9/h+uXA=
2,19,1V3OyLOluzEEZRGolhFrdh/6810=,HTEScV2sWRfJLymOZdLRsj5Ui8M=
3,18,1V3OyLOluzEEZRGolhFrdh/6810=,HTEScV2sWRfJLymOZdLRsj5Ui8M=
1,16,1V3OyLOluzEEZRGolhFrdh/6810=,HTEScV2sWRfJLymOZdLRsj5Ui8M=
1,19,1V3OyLOluzEEZRGolhFrdh/6810=,HTEScV2sWRfJLymOZdLRsj5Ui8M=
2,17,1V3OyLOluzEEZRGolhFrdh/6810=,HTEScV2sWRfJLymOZdLRsj5Ui8M=
2,18,1V3OyLOluzEEZRGolhFrdh/6810=,HTEScV2sWRfJLymOZdLRsj5Ui8M=
0,19,1V3OyLOluzEEZRGolhFrdh/6810=,HTEScV2sWRfJLymOZdLRsj5Ui8M=
0,20,1V3OyLOluzEEZRGolhFrdh/6810=,v1AWK5cx/ZShr3xQyz6Z9/h+uXA=
0,16,1V3OyLOluzEEZRGolhFrdh/6810=,HTEScV2sWRfJLymOZdLRsj5Ui8M=
3,17,1V3OyLOluzEEZRGolhFrdh/6810=,HTEScV2sWRfJLymOZdLRsj5Ui8M=
3,16,1V3OyLOluzEEZRGolhFrdh/6810=,HTEScV2sWRfJLymOZdLRsj5Ui8M=
3,20,1V3OyLOluzEEZRGolhFrdh/6810=,v1AWK5cx/ZShr3xQyz6Z9/h+uXA=
4,17,1V3OyLOluzEEZRGolhFrdh/6810=,1zjZVyBbOPDC33pxQSgHaZdf1qE=
4,18,1V3OyLOluzEEZRGolhFrdh/6810=,1zjZVyBbOPDC33pxQSgHaZdf1qE=
0,18,1V3OyLOluzEEZRGolhFrdh/6810=,HTEScV2sWRfJLymOZdLRsj5Ui8M=
4,20,1V3OyLOluzEEZRGolhFrdh/6810=,nSPMyAEDtyvZmooJGoYa3Dj+/1U=
1,18,1V3OyLOluzEEZRGolhFrdh/6810=,HTEScV2sWRfJLymOZdLRsj5Ui8M=
2,16,1V3OyLOluzEEZRGolhFrdh/6810=,HTEScV2sWRfJLymOZdLRsj5Ui8M=
2,20,1V3OyLOluzEEZRGolhFrdh/6810=,v1AWK5cx/ZShr3xQyz6Z9/h+uXA=
4,16,1V3OyLOluzEEZRGolhFrdh/6810=,1zjZVyBbOPDC33pxQSgHaZdf1qE=
4,19,1V3OyLOluzEEZRGolhFrdh/6810=,1zjZVyBbOPDC33pxQSgHaZdf1qE=
1,31,1V3OyLOluzEEZRGolhFrdh/6810=,0xwhaoTpz/bsMu1w46r5H8oLEHU=
2,31,1V3OyLOluzEEZRGolhFrdh/6810=,0xwhaoTpz/bsMu1w46r5H8oLEHU=
0,24,1V3OyLOluzEEZRGolhFrdh/6810=,p4sat6OAJGcUBp5cI4SNLL2ZYfE=
0,26,1V3OyLOluzEEZRGolhFrdh/6810=,p4sat6OAJGcUBp5cI4SNLL2ZYfE=
0,25,1V3OyLOluzEEZRGolhFrdh/6810=,p4sat6OAJGcUBp5cI4SNLL2ZYfE=
0,23,1V3OyLOluzEEZRGolhFrdh/6810=,v1AWK5cx/ZShr3xQyz6Z9/h+uXA=
0,29,1V3OyLOluzEEZRGolhFrdh/6810=,0xwhaoTpz/bsMu1w46r5H8oLEHU=
0,28,1V3OyLOluzEEZRGolhFrdh/6810=,0xwhaoTpz/bsMu1w46r5H8oLEHU=
0,27,1V3OyLOluzEEZRGolhFrdh/6810=,p4sat6OAJGcUBp5cI4SNLL2ZYfE=
0,30,1V3OyLOluzEEZRGolhFrdh/6810=,0xwhaoTpz/bsMu1w46r5H8oLEHU=
15,17,1V3OyLOluzEEZRGolhFrdh/6810=,+Rvb5CwdsYALv2Bzipeo9UeGyNM=
15,18,1V3OyLOluzEEZRGolhFrdh/6810=,+Rvb5CwdsYALv2Bzipeo9UeGyNM=
15,19,1V3OyLOluzEEZRGolhFrdh/6810=,+Rvb5CwdsYALv2Bzipeo9UeGyNM=
0,31,1V3OyLOluzEEZRGolhFrdh/6810=,0xwhaoTpz/bsMu1w46r5H8oLEHU=
11,16,1V3OyLOluzEEZRGolhFrdh/6810=,0K/ciK8UHavyMIUlKMZvl7/MXvA=
12,16,1V3OyLOluzEEZRGolhFrdh/6810=,+Rvb5CwdsYALv2Bzipeo9UeGyNM=
13,16,1V3OyLOluzEEZRGolhFrdh/6810=,+Rvb5CwdsYALv2Bzipeo9UeGyNM=
14,16,1V3OyLOluzEEZRGolhFrdh/6810=,+Rvb5CwdsYALv2Bzipeo9UeGyNM=
11,27,1V3OyLOluzEEZRGolhFrdh/6810=,f6MCcmViGBYKxTfUG5cxsAZtmQc=
3,31,1V3OyLOluzEEZRGolhFrdh/6810=,0xwhaoTpz/bsMu1w46r5H8oLEHU=
15,16,1V3OyLOluzEEZRGolhFrdh/6810=,+Rvb5CwdsYALv2Bzipeo9UeGyNM=
25,5,yuqJsG8T0lAn62Qf+rGN7mbd5RU=,OO/ylHjKmNreIi1nUnNYwKb9TN4=
25,6,yuqJsG8T0lAn62Qf+rGN7mbd5RU=,OO/ylHjKmNreIi1nUnNYwKb9TN4=
26,6,yuqJsG8T0lAn62Qf+rGN7mbd5RU=,OO/ylHjKmNreIi1nUnNYwKb9TN4=
26,5,yuqJsG8T0lAn62Qf+rGN7mbd5RU=,OO/ylHjKmNreIi1nUnNYwKb9TN4=
29,1,yuqJsG8T0lAn62Qf+rGN7mbd5RU=,7cjF9HxtBYXsjQM4gjb+feeipS0=
30,2,yuqJsG8T0lAn62Qf+rGN7mbd5RU=,7cjF9HxtBYXsjQM4gjb+feeipS0=
29,2,yuqJsG8T0lAn62Qf+rGN7mbd5RU=,7cjF9HxtBYXsjQM4gjb+feeipS0=
30,1,yuqJsG8T0lAn62Qf+rGN7mbd5RU=,7cjF9HxtBYXsjQM4gjb+feeipS0=
21,1,yuqJsG8T0lAn62Qf+rGN7mbd5RU=,EuDrZ2y6s0KBBRnPOxcM4OZvj8I=
22,1,yuqJsG8T0lAn62Qf+rGN7mbd5RU=,EuDrZ2y6s0KBBRnPOxcM4OZvj8I=
21,2,yuqJsG8T0lAn62Qf+rGN7mbd5RU=,EuDrZ2y6s0KBBRnPOxcM4OZvj8I=
22,2,yuqJsG8T0lAn62Qf+rGN7mbd5RU=,EuDrZ2y6s0KBBRnPOxcM4OZvj8I=
24,5,yuqJsG8T0lAn62Qf+rGN7mbd5RU=,OO/ylHjKmNreIi1nUnNYwKb9TN4=
21,7,yuqJsG8T0lAn62Qf+rGN7mbd5RU=,vWSY44FbEsUcfOUpkmjSF7UCutw=
21,8,yuqJsG8T0lAn62Qf+rGN7mbd5RU=,IBIWboSswmwav6UyFs83L8c4DIY=
22,8,yuqJsG8T0lAn62Qf+rGN7mbd5RU=,IBIWboSswmwav6UyFs83L8c4DIY=
22,7,yuqJsG8T0lAn62Qf+rGN7mbd5RU=,vWSY44FbEsUcfOUpkmjSF7UCutw=
21,9,yuqJsG8T0lAn62Qf+rGN7mbd5RU=,IBIWboSswmwav6UyFs83L8c4DIY=
22,4,yuqJsG8T0lAn62Qf+rGN7mbd5RU=,vWSY44FbEsUcfOUpkmjSF7UCutw=
21,4,yuqJsG8T0lAn62Qf+rGN7mbd5RU=,vWSY44FbEsUcfOUpkmjSF7UCutw=
22,9,yuqJsG8T0lAn62Qf+rGN7mbd5RU=,IBIWboSswmwav6UyFs83L8c4DIY=
21,10,yuqJsG8T0lAn62Qf+rGN7mbd5RU=,IBIWboSswmwav6UyFs83L8c4DIY=
22,10,yuqJsG8T0lAn62Qf+rGN7mbd5RU=,IBIWboSswmwav6UyFs83L8c4DIY=
22,3,yuqJsG8T0lAn62Qf+rGN7mbd5RU=,EuDrZ2y6s0KBBRnPOxcM4OZvj8I=
24,6,yuqJsG8T0lAn62Qf+rGN7mbd5RU=,OO/ylHjKmNreIi1nUnNYwKb9TN4=
21,3,yuqJsG8T0lAn62Qf+rGN7mbd5RU=,EuDrZ2y6s0KBBRnPOxcM4OZvj8I=
23,6,yuqJsG8T0lAn62Qf+rGN7mbd5RU=,vWSY44FbEsUcfOUpkmjSF7UCutw=
22,6,yuqJsG8T0lAn62Qf+rGN7mbd5RU=,vWSY44FbEsUcfOUpkmjSF7UCutw=
21,6,yuqJsG8T0lAn62Qf+rGN7mbd5RU=,vWSY44FbEsUcfOUpkmjSF7UCutw=
23,5,yuqJsG8T0lAn62Qf+rGN7mbd5RU=,vWSY44FbEsUcfOUpkmjSF7UCutw=
22,5,yuqJsG8T0lAn62Qf+rGN7mbd5RU=,vWSY44FbEsUcfOUpkmjSF7UCutw=
21,5,yuqJsG8T0lAn62Qf+rGN7mbd5RU=,vWSY44FbEsUcfOUpkmjSF7UCutw=
23,2,yuqJsG8T0lAn62Qf+rGN7mbd5RU=,EuDrZ2y6s0KBBRnPOxcM4OZvj8I=
23,4,yuqJsG8T0lAn62Qf+rGN7mbd5RU=,vWSY44FbEsUcfOUpkmjSF7UCutw=
28,1,yuqJsG8T0lAn62Qf+rGN7mbd5RU=,7cjF9HxtBYXsjQM4gjb+feeipS0=
24,1,yuqJsG8T0lAn62Qf+rGN7mbd5RU=,kb2o7QaQzsumnwh6S+uc+DlkIQc=
27,2,yuqJsG8T0lAn62Qf+rGN7mbd5RU=,kb2o7QaQzsumnwh6S+uc+DlkIQc=
25,1,yuqJsG8T0lAn62Qf+rGN7mbd5RU=,kb2o7QaQzsumnwh6S+uc+DlkIQc=
23,3,yuqJsG8T0lAn62Qf+rGN7mbd5RU=,EuDrZ2y6s0KBBRnPOxcM4OZvj8I=
26,1,yuqJsG8T0lAn62Qf+rGN7mbd5RU=,kb2o7QaQzsumnwh6S+uc+DlkIQc=
24,4,yuqJsG8T0lAn62Qf+rGN7mbd5RU=,OO/ylHjKmNreIi1nUnNYwKb9TN4=
23,1,yuqJsG8T0lAn62Qf+rGN7mbd5RU=,EuDrZ2y6s0KBBRnPOxcM4OZvj8I=
25,4,yuqJsG8T0lAn62Qf+rGN7mbd5RU=,OO/ylHjKmNreIi1nUnNYwKb9TN4=
27,1,yuqJsG8T0lAn62Qf+rGN7mbd5RU=,kb2o7QaQzsumnwh6S+uc+DlkIQc=
24,3,yuqJsG8T0lAn62Qf+rGN7mbd5RU=,kb2o7QaQzsumnwh6S+uc+DlkIQc=
25,3,yuqJsG8T0lAn62Qf+rGN7mbd5RU=,kb2o7QaQzsumnwh6S+uc+DlkIQc=
24,2,yuqJsG8T0lAn62Qf+rGN7mbd5RU=,kb2o7QaQzsumnwh6S+uc+DlkIQc=
26,4,yuqJsG8T0lAn62Qf+rGN7mbd5RU=,OO/ylHjKmNreIi1nUnNYwKb9TN4=
28,2,yuqJsG8T0lAn62Qf+rGN7mbd5RU=,7cjF9HxtBYXsjQM4gjb+feeipS0=
26,3,yuqJsG8T0lAn62Qf+rGN7mbd5RU=,kb2o7QaQzsumnwh6S+uc+DlkIQc=
25,2,yuqJsG8T0lAn62Qf+rGN7mbd5RU=,kb2o7QaQzsumnwh6S+uc+DlkIQc=
26,2,yuqJsG8T0lAn62Qf+rGN7mbd5RU=,kb2o7QaQzsumnwh6S+uc+DlkIQc=
17,13,SSTIJtmhHLEzi3a860+ZJ9y0Tww=,9mDNORhN+wIjurUByeM4sUkHasY=
18,14,SSTIJtmhHLEzi3a860+ZJ9y0Tww=,9mDNORhN+wIjurUByeM4sUkHasY=
17,14,SSTIJtmhHLEzi3a860+ZJ9y0Tww=,9mDNORhN+wIjurUByeM4sUkHasY=
18,13,SSTIJtmhHLEzi3a860+ZJ9y0Tww=,9mDNORhN+wIjurUByeM4sUkHasY=
21,11,SSTIJtmhHLEzi3a860+ZJ9y0Tww=,IBIWboSswmwav6UyFs83L8c4DIY=
19,14,SSTIJtmhHLEzi3a860+ZJ9y0Tww=,9mDNORhN+wIjurUByeM4sUkHasY=
19,13,SSTIJtmhHLEzi3a860+ZJ9y0Tww=,9mDNORhN+wIjurUByeM4sUkHasY=
22,11,SSTIJtmhHLEzi3a860+ZJ9y0Tww=,IBIWboSswmwav6UyFs83L8c4DIY=
16,1,SSTIJtmhHLEzi3a860+ZJ9y0Tww=,PqHY4Faq9qtJrICQWv9+9iiEURk=
19,0,SSTIJtmhHLEzi3a860+ZJ9y0Tww=,PqHY4Faq9qtJrICQWv9+9iiEURk=
17,1,SSTIJtmhHLEzi3a860+ZJ9y0Tww=,PqHY4Faq9qtJrICQWv9+9iiEURk=
20,2,SSTIJtmhHLEzi3a860+ZJ9y0Tww=,EuDrZ2y6s0KBBRnPOxcM4OZvj8I=
18,2,SSTIJtmhHLEzi3a860+ZJ9y0Tww=,PqHY4Faq9qtJrICQWv9+9iiEURk=
18,1,SSTIJtmhHLEzi3a860+ZJ9y0Tww=,PqHY4Faq9qtJrICQWv9+9iiEURk=
20,1,SSTIJtmhHLEzi3a860+ZJ9y0Tww=,EuDrZ2y6s0KBBRnPOxcM4OZvj8I=
17,0,SSTIJtmhHLEzi3a860+ZJ9y0Tww=,PqHY4Faq9qtJrICQWv9+9iiEURk=
18,0,SSTIJtmhHLEzi3a860+ZJ9y0Tww=,PqHY4Faq9qtJrICQWv9+9iiEURk=
19,1,SSTIJtmhHLEzi3a860+ZJ9y0Tww=,PqHY4Faq9qtJrICQWv9+9iiEURk=
16,2,SSTIJtmhHLEzi3a860+ZJ9y0Tww=,PqHY4Faq9qtJrICQWv9+9iiEURk=
17,11,SSTIJtmhHLEzi3a860+ZJ9y0Tww=,SlDFAI+HoAgn9BAPLp9qRc0wi4Y=
18,11,SSTIJtmhHLEzi3a860+ZJ9y0Tww=,SlDFAI+HoAgn9BAPLp9qRc0wi4Y=
18,9,SSTIJtmhHLEzi3a860+ZJ9y0Tww=,SlDFAI+HoAgn9BAPLp9qRc0wi4Y=
18,10,SSTIJtmhHLEzi3a860+ZJ9y0Tww=,SlDFAI+HoAgn9BAPLp9qRc0wi4Y=
19,10,SSTIJtmhHLEzi3a860+ZJ9y0Tww=,SlDFAI+HoAgn9BAPLp9qRc0wi4Y=
19,11,SSTIJtmhHLEzi3a860+ZJ9y0Tww=,SlDFAI+HoAgn9BAPLp9qRc0wi4Y=
19,9,SSTIJtmhHLEzi3a860+ZJ9y0Tww=,SlDFAI+HoAgn9BAPLp9qRc0wi4Y=
16,10,SSTIJtmhHLEzi3a860+ZJ9y0Tww=,SlDFAI+HoAgn9BAPLp9qRc0wi4Y=
17,12,SSTIJtmhHLEzi3a860+ZJ9y0Tww=,9mDNORhN+wIjurUByeM4sUkHasY=
18,12,SSTIJtmhHLEzi3a860+ZJ9y0Tww=,9mDNORhN+wIjurUByeM4sUkHasY=
17,10,SSTIJtmhHLEzi3a860+ZJ9y0Tww=,SlDFAI+HoAgn9BAPLp9qRc0wi4Y=
19,12,SSTIJtmhHLEzi3a860+ZJ9y0Tww=,9mDNORhN+wIjurUByeM4sUkHasY=
20,11,SSTIJtmhHLEzi3a860+ZJ9y0Tww=,IBIWboSswmwav6UyFs83L8c4DIY=
20,9,SSTIJtmhHLEzi3a860+ZJ9y0Tww=,IBIWboSswmwav6UyFs83L8c4DIY=
17,2,SSTIJtmhHLEzi3a860+ZJ9y0Tww=,PqHY4Faq9qtJrICQWv9+9iiEURk=
19,2,SSTIJtmhHLEzi3a860+ZJ9y0Tww=,PqHY4Faq9qtJrICQWv9+9iiEURk=
17,9,SSTIJtmhHLEzi3a860+ZJ9y0Tww=,SlDFAI+HoAgn9BAPLp9qRc0wi4Y=
16,9,SSTIJtmhHLEzi3a860+ZJ9y0Tww=,SlDFAI+HoAgn9BAPLp9qRc0wi4Y=
20,10,SSTIJtmhHLEzi3a860+ZJ9y0Tww=,IBIWboSswmwav6UyFs83L8c4DIY=
22,0,SSTIJtmhHLEzi3a860+ZJ9y0Tww=,EuDrZ2y6s0KBBRnPOxcM4OZvj8I=
20,0,SSTIJtmhHLEzi3a860+ZJ9y0Tww=,EuDrZ2y6s0KBBRnPOxcM4OZvj8I=
21,0,SSTIJtmhHLEzi3a860+ZJ9y0Tww=,EuDrZ2y6s0KBBRnPOxcM4OZvj8I=
31,1,SSTIJtmhHLEzi3a860+ZJ9y0Tww=,7cjF9HxtBYXsjQM4gjb+feeipS0=
31,2,SSTIJtmhHLEzi3a860+ZJ9y0Tww=,7cjF9HxtBYXsjQM4gjb+feeipS0=
29,0,SSTIJtmhHLEzi3a860+ZJ9y0Tww=,7cjF9HxtBYXsjQM4gjb+feeipS0=
30,0,SSTIJtmhHLEzi3a860+ZJ9y0Tww=,7cjF9HxtBYXsjQM4gjb+feeipS0=
24,0,SSTIJtmhHLEzi3a860+ZJ9y0Tww=,kb2o7QaQzsumnwh6S+uc+DlkIQc=
27,0,SSTIJtmhHLEzi3a860+ZJ9y0Tww=,kb2o7QaQzsumnwh6S+uc+DlkIQc=
23,0,SSTIJtmhHLEzi3a860+ZJ9y0Tww=,EuDrZ2y6s0KBBRnPOxcM4OZvj8I=
28,3,SSTIJtmhHLEzi3a860+ZJ9y0Tww=,7cjF9HxtBYXsjQM4gjb+feeipS0=
29,3,SSTIJtmhHLEzi3a860+ZJ9y0Tww=,7cjF9HxtBYXsjQM4gjb+feeipS0=
30,3,SSTIJtmhHLEzi3a860+ZJ9y0Tww=,7cjF9HxtBYXsjQM4gjb+feeipS0=
27,5,SSTIJtmhHLEzi3a860+ZJ9y0Tww=,OO/ylHjKmNreIi1nUnNYwKb9TN4=
27,6,SSTIJtmhHLEzi3a860+ZJ9y0Tww=,OO/ylHjKmNreIi1nUnNYwKb9TN4=
26,0,SSTIJtmhHLEzi3a860+ZJ9y0Tww=,kb2o7QaQzsumnwh6S+uc+DlkIQc=
27,3,SSTIJtmhHLEzi3a860+ZJ9y0Tww=,kb2o7QaQzsumnwh6S+uc+DlkIQc=
27,4,SSTIJtmhHLEzi3a860+ZJ9y0Tww=,OO/ylHjKmNreIi1nUnNYwKb9TN4=
24,7,SSTIJtmhHLEzi3a860+ZJ9y0Tww=,OO/ylHjKmNreIi1nUnNYwKb9TN4=
23,8,SSTIJtmhHLEzi3a860+ZJ9y0Tww=,IBIWboSswmwav6UyFs83L8c4DIY=
25,7,SSTIJtmhHLEzi3a860+ZJ9y0Tww=,OO/ylHjKmNreIi1nUnNYwKb9TN4=
26,7,SSTIJtmhHLEzi3a860+ZJ9y0Tww=,OO/ylHjKmNreIi1nUnNYwKb9TN4=
23,7,SSTIJtmhHLEzi3a860+ZJ9y0Tww=,vWSY44FbEsUcfOUpkmjSF7UCutw=
23,9,SSTIJtmhHLEzi3a860+ZJ9y0Tww=,IBIWboSswmwav6UyFs83L8c4DIY=
23,10,SSTIJtmhHLEzi3a860+ZJ9y0Tww=,IBIWboSswmwav6UyFs83L8c4DIY=
28,0,SSTIJtmhHLEzi3a860+ZJ9y0Tww=,7cjF9HxtBYXsjQM4gjb+feeipS0=
25,0,SSTIJtmhHLEzi3a860+ZJ9y0Tww=,kb2o7QaQzsumnwh6S+uc+DlkIQc=
27,7,SSTIJtmhHLEzi3a860+ZJ9y0Tww=,OO/ylHjKmNreIi1nUnNYwKb9TN4=
31,0,SSTIJtmhHLEzi3a860+ZJ9y0Tww=,7cjF9HxtBYXsjQM4gjb+feeipS0=
17,15,SSTIJtmhHLEzi3a860+ZJ9y0Tww=,9mDNORhN+wIjurUByeM4sUkHasY=
19,15,SSTIJtmhHLEzi3a860+ZJ9y0Tww=,9mDNORhN+wIjurUByeM4sUkHasY=
18,15,SSTIJtmhHLEzi3a860+ZJ9y0Tww=,9mDNORhN+wIjurUByeM4sUkHasY=
16,11,SSTIJtmhHLEzi3a860+ZJ9y0Tww=,SlDFAI+HoAgn9BAPLp9qRc0wi4Y=
16,15,SSTIJtmhHLEzi3a860+ZJ9y0Tww=,9mDNORhN+wIjurUByeM4sUkHasY=
16,12,SSTIJtmhHLEzi3a860+ZJ9y0Tww=,9mDNORhN+wIjurUByeM4sUkHasY=
16,14,SSTIJtmhHLEzi3a860+ZJ9y0Tww=,9mDNORhN+wIjurUByeM4sUkHasY=
16,13,SSTIJtmhHLEzi3a860+ZJ9y0Tww=,9mDNORhN+wIjurUByeM4sUkHasY=
23,11,SSTIJtmhHLEzi3a860+ZJ9y0Tww=,IBIWboSswmwav6UyFs83L8c4DIY=
16,0,SSTIJtmhHLEzi3a860+ZJ9y0Tww=,PqHY4Faq9qtJrICQWv9+9iiEURk=
31,3,SSTIJtmhHLEzi3a860+ZJ9y0Tww=,7cjF9HxtBYXsjQM4gjb+feeipS0=
16,6,SSTIJtmhHLEzi3a860+ZJ9y0Tww=,3H/Zu4IjVqobzN6OC0/Y+HJMJGs=
19,7,SSTIJtmhHLEzi3a860+ZJ9y0Tww=,3H/Zu4IjVqobzN6OC0/Y+HJMJGs=
19,8,SSTIJtmhHLEzi3a860+ZJ9y0Tww=,SlDFAI+HoAgn9BAPLp9qRc0wi4Y=
18,7,SSTIJtmhHLEzi3a860+ZJ9y0Tww=,3H/Zu4IjVqobzN6OC0/Y+HJMJGs=
19,5,SSTIJtmhHLEzi3a860+ZJ9y0Tww=,3H/Zu4IjVqobzN6OC0/Y+HJMJGs=
16,5,SSTIJtmhHLEzi3a860+ZJ9y0Tww=,3H/Zu4IjVqobzN6OC0/Y+HJMJGs=
20,4,SSTIJtmhHLEzi3a860+ZJ9y0Tww=,vWSY44FbEsUcfOUpkmjSF7UCutw=
18,8,SSTIJtmhHLEzi3a860+ZJ9y0Tww=,SlDFAI+HoAgn9BAPLp9qRc0wi4Y=
17,4,SSTIJtmhHLEzi3a860+ZJ9y0Tww=,3H/Zu4IjVqobzN6OC0/Y+HJMJGs=
17,7,SSTIJtmhHLEzi3a860+ZJ9y0Tww=,3H/Zu4IjVqobzN6OC0/Y+HJMJGs=
20,8,SSTIJtmhHLEzi3a860+ZJ9y0Tww=,IBIWboSswmwav6UyFs83L8c4DIY=
17,8,SSTIJtmhHLEzi3a860+ZJ9y0Tww=,SlDFAI+HoAgn9BAPLp9qRc0wi4Y=
18,5,SSTIJtmhHLEzi3a860+ZJ9y0Tww=,3H/Zu4IjVqobzN6OC0/Y+HJMJGs=
16,8,SSTIJtmhHLEzi3a860+ZJ9y0Tww=,SlDFAI+HoAgn9BAPLp9qRc0wi4Y=
16,7,SSTIJtmhHLEzi3a860+ZJ9y0Tww=,3H/Zu4IjVqobzN6OC0/Y+HJMJGs=
20,7,SSTIJtmhHLEzi3a860+ZJ9y0Tww=,vWSY44FbEsUcfOUpkmjSF7UCutw=
20,3,SSTIJtmhHLEzi3a860+ZJ9y0Tww=,EuDrZ2y6s0KBBRnPOxcM4OZvj8I=
17,5,SSTIJtmhHLEzi3a860+ZJ9y0Tww=,3H/Zu4IjVqobzN6OC0/Y+HJMJGs=
19,3,SSTIJtmhHLEzi3a860+ZJ9y0Tww=,PqHY4Faq9qtJrICQWv9+9iiEURk=
19,4,SSTIJtmhHLEzi3a860+ZJ9y0Tww=,3H/Zu4IjVqobzN6OC0/Y+HJMJGs=
18,3,SSTIJtmhHLEzi3a860+ZJ9y0Tww=,PqHY4Faq9qtJrICQWv9+9iiEURk=
20,6,SSTIJtmhHLEzi3a860+ZJ9y0Tww=,vWSY44FbEsUcfOUpkmjSF7UCutw=
19,6,SSTIJtmhHLEzi3a860+ZJ9y0Tww=,3H/Zu4IjVqobzN6OC0/Y+HJMJGs=
18,4,SSTIJtmhHLEzi3a860+ZJ9y0Tww=,3H/Zu4IjVqobzN6OC0/Y+HJMJGs=
17,3,SSTIJtmhHLEzi3a860+ZJ9y0Tww=,PqHY4Faq9qtJrICQWv9+9iiEURk=
16,4,SSTIJtmhHLEzi3a860+ZJ9y0Tww=,3H/Zu4IjVqobzN6OC0/Y+HJMJGs=
17,6,SSTIJtmhHLEzi3a860+ZJ9y0Tww=,3H/Zu4IjVqobzN6OC0/Y+HJMJGs=
20,5,SSTIJtmhHLEzi3a860+ZJ9y0Tww=,vWSY44FbEsUcfOUpkmjSF7UCutw=
16,3,SSTIJtmhHLEzi3a860+ZJ9y0Tww=,PqHY4Faq9qtJrICQWv9+9iiEURk=
18,6,SSTIJtmhHLEzi3a860+ZJ9y0Tww=,3H/Zu4IjVqobzN6OC0/Y+HJMJGs=
