-145,1,u5C+EfAqkuTlP3bafUOaMd8IuwQ=,tyhGG1b735NLdLIMzIy3Y8q8+RY=
-147,2,u5C+EfAqkuTlP3bafUOaMd8IuwQ=,tyhGG1b735NLdLIMzIy3Y8q8+RY=
-157,0,u5C+EfAqkuTlP3bafUOaMd8IuwQ=,tyhGG1b735NLdLIMzIy3Y8q8+RY=
-148,3,u5C+EfAqkuTlP3bafUOaMd8IuwQ=,tyhGG1b735NLdLIMzIy3Y8q8+RY=
-148,2,u5C+EfAqkuTlP3bafUOaMd8IuwQ=,tyhGG1b735NLdLIMzIy3Y8q8+RY=
-146,2,u5C+EfAqkuTlP3bafUOaMd8IuwQ=,tyhGG1b735NLdLIMzIy3Y8q8+RY=
-145,15,u5C+EfAqkuTlP3bafUOaMd8IuwQ=,tyhGG1b735NLdLIMzIy3Y8q8+RY=
-156,0,u5C+EfAqkuTlP3bafUOaMd8IuwQ=,tyhGG1b735NLdLIMzIy3Y8q8+RY=
-150,2,u5C+EfAqkuTlP3bafUOaMd8IuwQ=,tyhGG1b735NLdLIMzIy3Y8q8+RY=
-149,2,u5C+EfAqkuTlP3bafUOaMd8IuwQ=,tyhGG1b735NLdLIMzIy3Y8q8+RY=
-147,3,ZoeR3WeFsHz/fv91jMHAYCWkTA4=,tyhGG1b735NLdLIMzIy3Y8q8+RY=
-152,2,ZoeR3WeFsHz/fv91jMHAYCWkTA4=,tyhGG1b735NLdLIMzIy3Y8q8+RY=
-151,2,ZoeR3WeFsHz/fv91jMHAYCWkTA4=,tyhGG1b735NLdLIMzIy3Y8q8+RY=
-146,3,ZoeR3WeFsHz/fv91jMHAYCWkTA4=,tyhGG1b735NLdLIMzIy3Y8q8+RY=
-153,2,ZoeR3WeFsHz/fv91jMHAYCWkTA4=,tyhGG1b735NLdLIMzIy3Y8q8+RY=
-154,2,ZoeR3WeFsHz/fv91jMHAYCWkTA4=,tyhGG1b735NLdLIMzIy3Y8q8+RY=
-145,3,ZoeR3WeFsHz/fv91jMHAYCWkTA4=,tyhGG1b735NLdLIMzIy3Y8q8+RY=
-155,2,ZoeR3WeFsHz/fv91jMHAYCWkTA4=,tyhGG1b735NLdLIMzIy3Y8q8+RY=
-156,2,ZoeR3WeFsHz/fv91jMHAYCWkTA4=,tyhGG1b735NLdLIMzIy3Y8q8+RY=
-155,0,ZoeR3WeFsHz/fv91jMHAYCWkTA4=,tyhGG1b735NLdLIMzIy3Y8q8+RY=
-160,4,ZoeR3WeFsHz/fv91jMHAYCWkTA4=,tyhGG1b735NLdLIMzIy3Y8q8+RY=
-157,2,ZoeR3WeFsHz/fv91jMHAYCWkTA4=,tyhGG1b735NLdLIMzIy3Y8q8+RY=
-158,2,ZoeR3WeFsHz/fv91jMHAYCWkTA4=,tyhGG1b735NLdLIMzIy3Y8q8+RY=
-159,2,ZoeR3WeFsHz/fv91jMHAYCWkTA4=,tyhGG1b735NLdLIMzIy3Y8q8+RY=
-158,1,ZoeR3WeFsHz/fv91jMHAYCWkTA4=,tyhGG1b735NLdLIMzIy3Y8q8+RY=
-159,4,ZoeR3WeFsHz/fv91jMHAYCWkTA4=,tyhGG1b735NLdLIMzIy3Y8q8+RY=
-149,3,ZoeR3WeFsHz/fv91jMHAYCWkTA4=,tyhGG1b735NLdLIMzIy3Y8q8+RY=
-158,4,ZoeR3WeFsHz/fv91jMHAYCWkTA4=,tyhGG1b735NLdLIMzIy3Y8q8+RY=
-146,15,ZoeR3WeFsHz/fv91jMHAYCWkTA4=,tyhGG1b735NLdLIMzIy3Y8q8+RY=
-160,2,ZoeR3WeFsHz/fv91jMHAYCWkTA4=,tyhGG1b735NLdLIMzIy3Y8q8+RY=
-147,15,ZoeR3WeFsHz/fv91jMHAYCWkTA4=,tyhGG1b735NLdLIMzIy3Y8q8+RY=
-157,4,ZoeR3WeFsHz/fv91jMHAYCWkTA4=,tyhGG1b735NLdLIMzIy3Y8q8+RY=
-148,15,ZoeR3WeFsHz/fv91jMHAYCWkTA4=,tyhGG1b735NLdLIMzIy3Y8q8+RY=
-149,15,ZoeR3WeFsHz/fv91jMHAYCWkTA4=,tyhGG1b735NLdLIMzIy3Y8q8+RY=
-156,4,ZoeR3WeFsHz/fv91jMHAYCWkTA4=,tyhGG1b735NLdLIMzIy3Y8q8+RY=
-150,15,ZoeR3WeFsHz/fv91jMHAYCWkTA4=,tyhGG1b735NLdLIMzIy3Y8q8+RY=
-155,4,ZoeR3WeFsHz/fv91jMHAYCWkTA4=,tyhGG1b735NLdLIMzIy3Y8q8+RY=
-154,4,ZoeR3WeFsHz/fv91jMHAYCWkTA4=,tyhGG1b735NLdLIMzIy3Y8q8+RY=
-153,4,ZoeR3WeFsHz/fv91jMHAYCWkTA4=,tyhGG1b735NLdLIMzIy3Y8q8+RY=
-152,4,ZoeR3WeFsHz/fv91jMHAYCWkTA4=,tyhGG1b735NLdLIMzIy3Y8q8+RY=
-152,15,ZoeR3WeFsHz/fv91jMHAYCWkTA4=,tyhGG1b735NLdLIMzIy3Y8q8+RY=
-151,4,ZoeR3WeFsHz/fv91jMHAYCWkTA4=,tyhGG1b735NLdLIMzIy3Y8q8+RY=
-153,15,ZoeR3WeFsHz/fv91jMHAYCWkTA4=,tyhGG1b735NLdLIMzIy3Y8q8+RY=
-150,4,ZoeR3WeFsHz/fv91jMHAYCWkTA4=,tyhGG1b735NLdLIMzIy3Y8q8+RY=
-154,15,ZoeR3WeFsHz/fv91jMHAYCWkTA4=,tyhGG1b735NLdLIMzIy3Y8q8+RY=
-149,4,ZoeR3WeFsHz/fv91jMHAYCWkTA4=,tyhGG1b735NLdLIMzIy3Y8q8+RY=
-155,15,ZoeR3WeFsHz/fv91jMHAYCWkTA4=,tyhGG1b735NLdLIMzIy3Y8q8+RY=
-145,2,ZoeR3WeFsHz/fv91jMHAYCWkTA4=,tyhGG1b735NLdLIMzIy3Y8q8+RY=
-151,15,ZoeR3WeFsHz/fv91jMHAYCWkTA4=,tyhGG1b735NLdLIMzIy3Y8q8+RY=
-156,15,ZoeR3WeFsHz/fv91jMHAYCWkTA4=,tyhGG1b735NLdLIMzIy3Y8q8+RY=
-154,0,ZoeR3WeFsHz/fv91jMHAYCWkTA4=,tyhGG1b735NLdLIMzIy3Y8q8+RY=
-157,15,ZoeR3WeFsHz/fv91jMHAYCWkTA4=,tyhGG1b735NLdLIMzIy3Y8q8+RY=
-158,15,ZoeR3WeFsHz/fv91jMHAYCWkTA4=,tyhGG1b735NLdLIMzIy3Y8q8+RY=
-148,4,ZoeR3WeFsHz/fv91jMHAYCWkTA4=,tyhGG1b735NLdLIMzIy3Y8q8+RY=
-150,3,ZoeR3WeFsHz/fv91jMHAYCWkTA4=,tyhGG1b735NLdLIMzIy3Y8q8+RY=
-158,0,ZoeR3WeFsHz/fv91jMHAYCWkTA4=,tyhGG1b735NLdLIMzIy3Y8q8+RY=
-147,4,ZoeR3WeFsHz/fv91jMHAYCWkTA4=,tyhGG1b735NLdLIMzIy3Y8q8+RY=
-159,15,ZoeR3WeFsHz/fv91jMHAYCWkTA4=,tyhGG1b735NLdLIMzIy3Y8q8+RY=
-160,15,ZoeR3WeFsHz/fv91jMHAYCWkTA4=,tyhGG1b735NLdLIMzIy3Y8q8+RY=
-146,1,ZoeR3WeFsHz/fv91jMHAYCWkTA4=,tyhGG1b735NLdLIMzIy3Y8q8+RY=
-146,4,ZoeR3WeFsHz/fv91jMHAYCWkTA4=,tyhGG1b735NLdLIMzIy3Y8q8+RY=
-145,14,ZoeR3WeFsHz/fv91jMHAYCWkTA4=,tyhGG1b735NLdLIMzIy3Y8q8+RY=
-146,14,ZoeR3WeFsHz/fv91jMHAYCWkTA4=,tyhGG1b735NLdLIMzIy3Y8q8+RY=
-145,4,ZoeR3WeFsHz/fv91jMHAYCWkTA4=,tyhGG1b735NLdLIMzIy3Y8q8+RY=
-160,5,ZoeR3WeFsHz/fv91jMHAYCWkTA4=,tyhGG1b735NLdLIMzIy3Y8q8+RY=
-147,14,ZoeR3WeFsHz/fv91jMHAYCWkTA4=,tyhGG1b735NLdLIMzIy3Y8q8+RY=
-148,14,ZoeR3WeFsHz/fv91jMHAYCWkTA4=,tyhGG1b735NLdLIMzIy3Y8q8+RY=
-149,14,ZoeR3WeFsHz/fv91jMHAYCWkTA4=,tyhGG1b735NLdLIMzIy3Y8q8+RY=
-157,1,ZoeR3WeFsHz/fv91jMHAYCWkTA4=,tyhGG1b735NLdLIMzIy3Y8q8+RY=
-159,5,ZoeR3WeFsHz/fv91jMHAYCWkTA4=,tyhGG1b735NLdLIMzIy3Y8q8+RY=
-151,14,ZoeR3WeFsHz/fv91jMHAYCWkTA4=,tyhGG1b735NLdLIMzIy3Y8q8+RY=
-158,5,ZoeR3WeFsHz/fv91jMHAYCWkTA4=,tyhGG1b735NLdLIMzIy3Y8q8+RY=
-157,5,ZoeR3WeFsHz/fv91jMHAYCWkTA4=,tyhGG1b735NLdLIMzIy3Y8q8+RY=
-152,14,ZoeR3WeFsHz/fv91jMHAYCWkTA4=,tyhGG1b735NLdLIMzIy3Y8q8+RY=
-156,5,ZoeR3WeFsHz/fv91jMHAYCWkTA4=,tyhGG1b735NLdLIMzIy3Y8q8+RY=
-153,14,ZoeR3WeFsHz/fv91jMHAYCWkTA4=,tyhGG1b735NLdLIMzIy3Y8q8+RY=
-155,5,ZoeR3WeFsHz/fv91jMHAYCWkTA4=,tyhGG1b735NLdLIMzIy3Y8q8+RY=
-160,0,ZoeR3WeFsHz/fv91jMHAYCWkTA4=,tyhGG1b735NLdLIMzIy3Y8q8+RY=
-154,5,ZoeR3WeFsHz/fv91jMHAYCWkTA4=,tyhGG1b735NLdLIMzIy3Y8q8+RY=
-153,5,ZoeR3WeFsHz/fv91jMHAYCWkTA4=,tyhGG1b735NLdLIMzIy3Y8q8+RY=
-152,5,ZoeR3WeFsHz/fv91jMHAYCWkTA4=,tyhGG1b735NLdLIMzIy3Y8q8+RY=
-151,5,ZoeR3WeFsHz/fv91jMHAYCWkTA4=,tyhGG1b735NLdLIMzIy3Y8q8+RY=
-150,14,ZoeR3WeFsHz/fv91jMHAYCWkTA4=,tyhGG1b735NLdLIMzIy3Y8q8+RY=
-155,14,ZoeR3WeFsHz/fv91jMHAYCWkTA4=,tyhGG1b735NLdLIMzIy3Y8q8+RY=
-156,14,ZoeR3WeFsHz/fv91jMHAYCWkTA4=,tyhGG1b735NLdLIMzIy3Y8q8+RY=
-157,14,ZoeR3WeFsHz/fv91jMHAYCWkTA4=,tyhGG1b735NLdLIMzIy3Y8q8+RY=
-154,14,ZoeR3WeFsHz/fv91jMHAYCWkTA4=,tyhGG1b735NLdLIMzIy3Y8q8+RY=
-158,14,ZoeR3WeFsHz/fv91jMHAYCWkTA4=,tyhGG1b735NLdLIMzIy3Y8q8+RY=
-159,1,ZoeR3WeFsHz/fv91jMHAYCWkTA4=,tyhGG1b735NLdLIMzIy3Y8q8+RY=
-151,3,ZoeR3WeFsHz/fv91jMHAYCWkTA4=,tyhGG1b735NLdLIMzIy3Y8q8+RY=
-160,1,ZoeR3WeFsHz/fv91jMHAYCWkTA4=,tyhGG1b735NLdLIMzIy3Y8q8+RY=
-160,14,ZoeR3WeFsHz/fv91jMHAYCWkTA4=,tyhGG1b735NLdLIMzIy3Y8q8+RY=
-159,14,ZoeR3WeFsHz/fv91jMHAYCWkTA4=,tyhGG1b735NLdLIMzIy3Y8q8+RY=
-145,13,ZoeR3WeFsHz/fv91jMHAYCWkTA4=,tyhGG1b735NLdLIMzIy3Y8q8+RY=
-146,13,ZoeR3WeFsHz/fv91jMHAYCWkTA4=,tyhGG1b735NLdLIMzIy3Y8q8+RY=
-147,13,ZoeR3WeFsHz/fv91jMHAYCWkTA4=,tyhGG1b735NLdLIMzIy3Y8q8+RY=
-148,13,ZoeR3WeFsHz/fv91jMHAYCWkTA4=,tyhGG1b735NLdLIMzIy3Y8q8+RY=
-149,13,ZoeR3WeFsHz/fv91jMHAYCWkTA4=,tyhGG1b735NLdLIMzIy3Y8q8+RY=
-150,13,ZoeR3WeFsHz/fv91jMHAYCWkTA4=,tyhGG1b735NLdLIMzIy3Y8q8+RY=
-159,0,ZoeR3WeFsHz/fv91jMHAYCWkTA4=,tyhGG1b735NLdLIMzIy3Y8q8+RY=
-152,13,ZoeR3WeFsHz/fv91jMHAYCWkTA4=,tyhGG1b735NLdLIMzIy3Y8q8+RY=
-151,13,ZoeR3WeFsHz/fv91jMHAYCWkTA4=,tyhGG1b735NLdLIMzIy3Y8q8+RY=
-153,13,ZoeR3WeFsHz/fv91jMHAYCWkTA4=,tyhGG1b735NLdLIMzIy3Y8q8+RY=
-155,13,ZoeR3WeFsHz/fv91jMHAYCWkTA4=,tyhGG1b735NLdLIMzIy3Y8q8+RY=
-154,13,ZoeR3WeFsHz/fv91jMHAYCWkTA4=,tyhGG1b735NLdLIMzIy3Y8q8+RY=
-156,13,ZoeR3WeFsHz/fv91jMHAYCWkTA4=,tyhGG1b735NLdLIMzIy3Y8q8+RY=
-157,13,ZoeR3WeFsHz/fv91jMHAYCWkTA4=,tyhGG1b735NLdLIMzIy3Y8q8+RY=
-145,0,ZoeR3WeFsHz/fv91jMHAYCWkTA4=,tyhGG1b735NLdLIMzIy3Y8q8+RY=
-147,1,ZoeR3WeFsHz/fv91jMHAYCWkTA4=,tyhGG1b735NLdLIMzIy3Y8q8+RY=
-152,3,ZoeR3WeFsHz/fv91jMHAYCWkTA4=,tyhGG1b735NLdLIMzIy3Y8q8+RY=
-158,13,ZoeR3WeFsHz/fv91jMHAYCWkTA4=,tyhGG1b735NLdLIMzIy3Y8q8+RY=
-159,13,ZoeR3WeFsHz/fv91jMHAYCWkTA4=,tyhGG1b735NLdLIMzIy3Y8q8+RY=
-148,1,ZoeR3WeFsHz/fv91jMHAYCWkTA4=,tyhGG1b735NLdLIMzIy3Y8q8+RY=
-145,12,ZoeR3WeFsHz/fv91jMHAYCWkTA4=,tyhGG1b735NLdLIMzIy3Y8q8+RY=
-146,12,ZoeR3WeFsHz/fv91jMHAYCWkTA4=,tyhGG1b735NLdLIMzIy3Y8q8+RY=
-147,12,ZoeR3WeFsHz/fv91jMHAYCWkTA4=,tyhGG1b735NLdLIMzIy3Y8q8+RY=
-148,12,ZoeR3WeFsHz/fv91jMHAYCWkTA4=,tyhGG1b735NLdLIMzIy3Y8q8+RY=
-149,12,ZoeR3WeFsHz/fv91jMHAYCWkTA4=,tyhGG1b735NLdLIMzIy3Y8q8+RY=
-150,12,ZoeR3WeFsHz/fv91jMHAYCWkTA4=,tyhGG1b735NLdLIMzIy3Y8q8+RY=
-151,12,ZoeR3WeFsHz/fv91jMHAYCWkTA4=,tyhGG1b735NLdLIMzIy3Y8q8+RY=
-152,12,ZoeR3WeFsHz/fv91jMHAYCWkTA4=,tyhGG1b735NLdLIMzIy3Y8q8+RY=
-160,13,ZoeR3WeFsHz/fv91jMHAYCWkTA4=,tyhGG1b735NLdLIMzIy3Y8q8+RY=
-153,12,ZoeR3WeFsHz/fv91jMHAYCWkTA4=,tyhGG1b735NLdLIMzIy3Y8q8+RY=
-155,12,ZoeR3WeFsHz/fv91jMHAYCWkTA4=,tyhGG1b735NLdLIMzIy3Y8q8+RY=
-154,12,ZoeR3WeFsHz/fv91jMHAYCWkTA4=,tyhGG1b735NLdLIMzIy3Y8q8+RY=
-150,5,ZoeR3WeFsHz/fv91jMHAYCWkTA4=,tyhGG1b735NLdLIMzIy3Y8q8+RY=
-156,12,ZoeR3WeFsHz/fv91jMHAYCWkTA4=,tyhGG1b735NLdLIMzIy3Y8q8+RY=
-153,3,ZoeR3WeFsHz/fv91jMHAYCWkTA4=,tyhGG1b735NLdLIMzIy3Y8q8+RY=
-146,0,ZoeR3WeFsHz/fv91jMHAYCWkTA4=,tyhGG1b735NLdLIMzIy3Y8q8+RY=
-160,3,ZoeR3WeFsHz/fv91jMHAYCWkTA4=,tyhGG1b735NLdLIMzIy3Y8q8+RY=
-157,12,ZoeR3WeFsHz/fv91jMHAYCWkTA4=,tyhGG1b735NLdLIMzIy3Y8q8+RY=
-158,12,ZoeR3WeFsHz/fv91jMHAYCWkTA4=,tyhGG1b735NLdLIMzIy3Y8q8+RY=
-156,1,ZoeR3WeFsHz/fv91jMHAYCWkTA4=,tyhGG1b735NLdLIMzIy3Y8q8+RY=
-159,12,ZoeR3WeFsHz/fv91jMHAYCWkTA4=,tyhGG1b735NLdLIMzIy3Y8q8+RY=
-149,1,ZoeR3WeFsHz/fv91jMHAYCWkTA4=,tyhGG1b735NLdLIMzIy3Y8q8+RY=
-145,11,ZoeR3WeFsHz/fv91jMHAYCWkTA4=,tyhGG1b735NLdLIMzIy3Y8q8+RY=
-146,11,ZoeR3WeFsHz/fv91jMHAYCWkTA4=,tyhGG1b735NLdLIMzIy3Y8q8+RY=
-147,11,ZoeR3WeFsHz/fv91jMHAYCWkTA4=,tyhGG1b735NLdLIMzIy3Y8q8+RY=
-148,11,ZoeR3WeFsHz/fv91jMHAYCWkTA4=,tyhGG1b735NLdLIMzIy3Y8q8+RY=
-149,11,ZoeR3WeFsHz/fv91jMHAYCWkTA4=,tyhGG1b735NLdLIMzIy3Y8q8+RY=
-150,11,ZoeR3WeFsHz/fv91jMHAYCWkTA4=,tyhGG1b735NLdLIMzIy3Y8q8+RY=
-151,11,ZoeR3WeFsHz/fv91jMHAYCWkTA4=,tyhGG1b735NLdLIMzIy3Y8q8+RY=
-152,11,ZoeR3WeFsHz/fv91jMHAYCWkTA4=,tyhGG1b735NLdLIMzIy3Y8q8+RY=
-153,11,ZoeR3WeFsHz/fv91jMHAYCWkTA4=,tyhGG1b735NLdLIMzIy3Y8q8+RY=
-154,11,ZoeR3WeFsHz/fv91jMHAYCWkTA4=,tyhGG1b735NLdLIMzIy3Y8q8+RY=
-155,11,ZoeR3WeFsHz/fv91jMHAYCWkTA4=,tyhGG1b735NLdLIMzIy3Y8q8+RY=
-160,12,ZoeR3WeFsHz/fv91jMHAYCWkTA4=,tyhGG1b735NLdLIMzIy3Y8q8+RY=
-147,0,ZoeR3WeFsHz/fv91jMHAYCWkTA4=,tyhGG1b735NLdLIMzIy3Y8q8+RY=
-156,11,ZoeR3WeFsHz/fv91jMHAYCWkTA4=,tyhGG1b735NLdLIMzIy3Y8q8+RY=
-157,11,ZoeR3WeFsHz/fv91jMHAYCWkTA4=,tyhGG1b735NLdLIMzIy3Y8q8+RY=
-154,3,ZoeR3WeFsHz/fv91jMHAYCWkTA4=,tyhGG1b735NLdLIMzIy3Y8q8+RY=
-158,11,ZoeR3WeFsHz/fv91jMHAYCWkTA4=,tyhGG1b735NLdLIMzIy3Y8q8+RY=
-159,11,ZoeR3WeFsHz/fv91jMHAYCWkTA4=,tyhGG1b735NLdLIMzIy3Y8q8+RY=
-150,1,ZoeR3WeFsHz/fv91jMHAYCWkTA4=,tyhGG1b735NLdLIMzIy3Y8q8+RY=
-145,10,ZoeR3WeFsHz/fv91jMHAYCWkTA4=,tyhGG1b735NLdLIMzIy3Y8q8+RY=
-146,10,ZoeR3WeFsHz/fv91jMHAYCWkTA4=,tyhGG1b735NLdLIMzIy3Y8q8+RY=
-147,10,ZoeR3WeFsHz/fv91jMHAYCWkTA4=,tyhGG1b735NLdLIMzIy3Y8q8+RY=
-148,10,ZoeR3WeFsHz/fv91jMHAYCWkTA4=,tyhGG1b735NLdLIMzIy3Y8q8+RY=
-149,10,ZoeR3WeFsHz/fv91jMHAYCWkTA4=,tyhGG1b735NLdLIMzIy3Y8q8+RY=
-150,10,ZoeR3WeFsHz/fv91jMHAYCWkTA4=,tyhGG1b735NLdLIMzIy3Y8q8+RY=
-151,10,ZoeR3WeFsHz/fv91jMHAYCWkTA4=,tyhGG1b735NLdLIMzIy3Y8q8+RY=
-152,10,ZoeR3WeFsHz/fv91jMHAYCWkTA4=,tyhGG1b735NLdLIMzIy3Y8q8+RY=
-153,10,ZoeR3WeFsHz/fv91jMHAYCWkTA4=,tyhGG1b735NLdLIMzIy3Y8q8+RY=
-154,10,ZoeR3WeFsHz/fv91jMHAYCWkTA4=,tyhGG1b735NLdLIMzIy3Y8q8+RY=
-160,11,ZoeR3WeFsHz/fv91jMHAYCWkTA4=,tyhGG1b735NLdLIMzIy3Y8q8+RY=
-148,0,ZoeR3WeFsHz/fv91jMHAYCWkTA4=,tyhGG1b735NLdLIMzIy3Y8q8+RY=
-155,10,ZoeR3WeFsHz/fv91jMHAYCWkTA4=,tyhGG1b735NLdLIMzIy3Y8q8+RY=
-156,10,ZoeR3WeFsHz/fv91jMHAYCWkTA4=,tyhGG1b735NLdLIMzIy3Y8q8+RY=
-157,10,ZoeR3WeFsHz/fv91jMHAYCWkTA4=,tyhGG1b735NLdLIMzIy3Y8q8+RY=
-158,10,ZoeR3WeFsHz/fv91jMHAYCWkTA4=,tyhGG1b735NLdLIMzIy3Y8q8+RY=
-159,10,ZoeR3WeFsHz/fv91jMHAYCWkTA4=,tyhGG1b735NLdLIMzIy3Y8q8+RY=
-151,1,ZoeR3WeFsHz/fv91jMHAYCWkTA4=,tyhGG1b735NLdLIMzIy3Y8q8+RY=
-160,10,ZoeR3WeFsHz/fv91jMHAYCWkTA4=,tyhGG1b735NLdLIMzIy3Y8q8+RY=
-145,9,ZoeR3WeFsHz/fv91jMHAYCWkTA4=,tyhGG1b735NLdLIMzIy3Y8q8+RY=
-146,9,ZoeR3WeFsHz/fv91jMHAYCWkTA4=,tyhGG1b735NLdLIMzIy3Y8q8+RY=
-147,9,ZoeR3WeFsHz/fv91jMHAYCWkTA4=,tyhGG1b735NLdLIMzIy3Y8q8+RY=
-148,9,ZoeR3WeFsHz/fv91jMHAYCWkTA4=,tyhGG1b735NLdLIMzIy3Y8q8+RY=
-149,9,ZoeR3WeFsHz/fv91jMHAYCWkTA4=,tyhGG1b735NLdLIMzIy3Y8q8+RY=
-150,9,ZoeR3WeFsHz/fv91jMHAYCWkTA4=,tyhGG1b735NLdLIMzIy3Y8q8+RY=
-151,9,ZoeR3WeFsHz/fv91jMHAYCWkTA4=,tyhGG1b735NLdLIMzIy3Y8q8+RY=
-152,9,ZoeR3WeFsHz/fv91jMHAYCWkTA4=,tyhGG1b735NLdLIMzIy3Y8q8+RY=
-153,9,ZoeR3WeFsHz/fv91jMHAYCWkTA4=,tyhGG1b735NLdLIMzIy3Y8q8+RY=
-149,0,ZoeR3WeFsHz/fv91jMHAYCWkTA4=,tyhGG1b735NLdLIMzIy3Y8q8+RY=
-156,3,ZoeR3WeFsHz/fv91jMHAYCWkTA4=,tyhGG1b735NLdLIMzIy3Y8q8+RY=
-154,9,ZoeR3WeFsHz/fv91jMHAYCWkTA4=,tyhGG1b735NLdLIMzIy3Y8q8+RY=
-155,9,ZoeR3WeFsHz/fv91jMHAYCWkTA4=,tyhGG1b735NLdLIMzIy3Y8q8+RY=
-156,9,ZoeR3WeFsHz/fv91jMHAYCWkTA4=,tyhGG1b735NLdLIMzIy3Y8q8+RY=
-157,9,ZoeR3WeFsHz/fv91jMHAYCWkTA4=,tyhGG1b735NLdLIMzIy3Y8q8+RY=
-158,9,ZoeR3WeFsHz/fv91jMHAYCWkTA4=,tyhGG1b735NLdLIMzIy3Y8q8+RY=
-159,9,ZoeR3WeFsHz/fv91jMHAYCWkTA4=,tyhGG1b735NLdLIMzIy3Y8q8+RY=
-152,1,ZoeR3WeFsHz/fv91jMHAYCWkTA4=,tyhGG1b735NLdLIMzIy3Y8q8+RY=
-160,9,ZoeR3WeFsHz/fv91jMHAYCWkTA4=,tyhGG1b735NLdLIMzIy3Y8q8+RY=
-145,8,ZoeR3WeFsHz/fv91jMHAYCWkTA4=,tyhGG1b735NLdLIMzIy3Y8q8+RY=
-146,8,ZoeR3WeFsHz/fv91jMHAYCWkTA4=,tyhGG1b735NLdLIMzIy3Y8q8+RY=
-147,8,ZoeR3WeFsHz/fv91jMHAYCWkTA4=,tyhGG1b735NLdLIMzIy3Y8q8+RY=
-148,8,ZoeR3WeFsHz/fv91jMHAYCWkTA4=,tyhGG1b735NLdLIMzIy3Y8q8+RY=
-149,8,ZoeR3WeFsHz/fv91jMHAYCWkTA4=,tyhGG1b735NLdLIMzIy3Y8q8+RY=
-150,8,ZoeR3WeFsHz/fv91jMHAYCWkTA4=,tyhGG1b735NLdLIMzIy3Y8q8+RY=
-151,8,ZoeR3WeFsHz/fv91jMHAYCWkTA4=,tyhGG1b735NLdLIMzIy3Y8q8+RY=
-152,8,ZoeR3WeFsHz/fv91jMHAYCWkTA4=,tyhGG1b735NLdLIMzIy3Y8q8+RY=
-153,0,ZoeR3WeFsHz/fv91jMHAYCWkTA4=,tyhGG1b735NLdLIMzIy3Y8q8+RY=
-150,0,ZoeR3WeFsHz/fv91jMHAYCWkTA4=,tyhGG1b735NLdLIMzIy3Y8q8+RY=
-149,5,ZoeR3WeFsHz/fv91jMHAYCWkTA4=,tyhGG1b735NLdLIMzIy3Y8q8+RY=
-157,3,ZoeR3WeFsHz/fv91jMHAYCWkTA4=,tyhGG1b735NLdLIMzIy3Y8q8+RY=
-153,8,ZoeR3WeFsHz/fv91jMHAYCWkTA4=,tyhGG1b735NLdLIMzIy3Y8q8+RY=
-154,8,ZoeR3WeFsHz/fv91jMHAYCWkTA4=,tyhGG1b735NLdLIMzIy3Y8q8+RY=
-155,8,ZoeR3WeFsHz/fv91jMHAYCWkTA4=,tyhGG1b735NLdLIMzIy3Y8q8+RY=
-156,8,ZoeR3WeFsHz/fv91jMHAYCWkTA4=,tyhGG1b735NLdLIMzIy3Y8q8+RY=
-157,8,ZoeR3WeFsHz/fv91jMHAYCWkTA4=,tyhGG1b735NLdLIMzIy3Y8q8+RY=
-158,8,ZoeR3WeFsHz/fv91jMHAYCWkTA4=,tyhGG1b735NLdLIMzIy3Y8q8+RY=
-155,3,ZoeR3WeFsHz/fv91jMHAYCWkTA4=,tyhGG1b735NLdLIMzIy3Y8q8+RY=
-159,8,ZoeR3WeFsHz/fv91jMHAYCWkTA4=,tyhGG1b735NLdLIMzIy3Y8q8+RY=
-160,8,ZoeR3WeFsHz/fv91jMHAYCWkTA4=,tyhGG1b735NLdLIMzIy3Y8q8+RY=
-148,5,ZoeR3WeFsHz/fv91jMHAYCWkTA4=,tyhGG1b735NLdLIMzIy3Y8q8+RY=
-153,1,ZoeR3WeFsHz/fv91jMHAYCWkTA4=,tyhGG1b735NLdLIMzIy3Y8q8+RY=
-145,7,ZoeR3WeFsHz/fv91jMHAYCWkTA4=,tyhGG1b735NLdLIMzIy3Y8q8+RY=
-146,7,ZoeR3WeFsHz/fv91jMHAYCWkTA4=,tyhGG1b735NLdLIMzIy3Y8q8+RY=
-147,5,ZoeR3WeFsHz/fv91jMHAYCWkTA4=,tyhGG1b735NLdLIMzIy3Y8q8+RY=
-148,7,ZoeR3WeFsHz/fv91jMHAYCWkTA4=,tyhGG1b735NLdLIMzIy3Y8q8+RY=
-149,7,ZoeR3WeFsHz/fv91jMHAYCWkTA4=,tyhGG1b735NLdLIMzIy3Y8q8+RY=
-150,7,ZoeR3WeFsHz/fv91jMHAYCWkTA4=,tyhGG1b735NLdLIMzIy3Y8q8+RY=
-151,7,ZoeR3WeFsHz/fv91jMHAYCWkTA4=,tyhGG1b735NLdLIMzIy3Y8q8+RY=
-147,7,ZoeR3WeFsHz/fv91jMHAYCWkTA4=,tyhGG1b735NLdLIMzIy3Y8q8+RY=
-146,5,ZoeR3WeFsHz/fv91jMHAYCWkTA4=,tyhGG1b735NLdLIMzIy3Y8q8+RY=
-151,0,ZoeR3WeFsHz/fv91jMHAYCWkTA4=,tyhGG1b735NLdLIMzIy3Y8q8+RY=
-152,7,ZoeR3WeFsHz/fv91jMHAYCWkTA4=,tyhGG1b735NLdLIMzIy3Y8q8+RY=
-153,7,ZoeR3WeFsHz/fv91jMHAYCWkTA4=,tyhGG1b735NLdLIMzIy3Y8q8+RY=
-154,7,ZoeR3WeFsHz/fv91jMHAYCWkTA4=,tyhGG1b735NLdLIMzIy3Y8q8+RY=
-158,3,ZoeR3WeFsHz/fv91jMHAYCWkTA4=,tyhGG1b735NLdLIMzIy3Y8q8+RY=
-156,7,ZoeR3WeFsHz/fv91jMHAYCWkTA4=,tyhGG1b735NLdLIMzIy3Y8q8+RY=
-157,7,ZoeR3WeFsHz/fv91jMHAYCWkTA4=,tyhGG1b735NLdLIMzIy3Y8q8+RY=
-155,7,ZoeR3WeFsHz/fv91jMHAYCWkTA4=,tyhGG1b735NLdLIMzIy3Y8q8+RY=
-145,5,ZoeR3WeFsHz/fv91jMHAYCWkTA4=,tyhGG1b735NLdLIMzIy3Y8q8+RY=
-158,7,ZoeR3WeFsHz/fv91jMHAYCWkTA4=,tyhGG1b735NLdLIMzIy3Y8q8+RY=
-160,6,ZoeR3WeFsHz/fv91jMHAYCWkTA4=,tyhGG1b735NLdLIMzIy3Y8q8+RY=
-159,7,ZoeR3WeFsHz/fv91jMHAYCWkTA4=,tyhGG1b735NLdLIMzIy3Y8q8+RY=
-154,1,ZoeR3WeFsHz/fv91jMHAYCWkTA4=,tyhGG1b735NLdLIMzIy3Y8q8+RY=
-160,7,ZoeR3WeFsHz/fv91jMHAYCWkTA4=,tyhGG1b735NLdLIMzIy3Y8q8+RY=
-155,1,ZoeR3WeFsHz/fv91jMHAYCWkTA4=,tyhGG1b735NLdLIMzIy3Y8q8+RY=
-159,6,ZoeR3WeFsHz/fv91jMHAYCWkTA4=,tyhGG1b735NLdLIMzIy3Y8q8+RY=
-145,6,ZoeR3WeFsHz/fv91jMHAYCWkTA4=,tyhGG1b735NLdLIMzIy3Y8q8+RY=
-146,6,ZoeR3WeFsHz/fv91jMHAYCWkTA4=,tyhGG1b735NLdLIMzIy3Y8q8+RY=
-158,6,ZoeR3WeFsHz/fv91jMHAYCWkTA4=,tyhGG1b735NLdLIMzIy3Y8q8+RY=
-157,6,ZoeR3WeFsHz/fv91jMHAYCWkTA4=,tyhGG1b735NLdLIMzIy3Y8q8+RY=
-156,6,ZoeR3WeFsHz/fv91jMHAYCWkTA4=,tyhGG1b735NLdLIMzIy3Y8q8+RY=
-148,6,ZoeR3WeFsHz/fv91jMHAYCWkTA4=,tyhGG1b735NLdLIMzIy3Y8q8+RY=
-155,6,ZoeR3WeFsHz/fv91jMHAYCWkTA4=,tyhGG1b735NLdLIMzIy3Y8q8+RY=
-147,6,ZoeR3WeFsHz/fv91jMHAYCWkTA4=,tyhGG1b735NLdLIMzIy3Y8q8+RY=
-150,6,ZoeR3WeFsHz/fv91jMHAYCWkTA4=,tyhGG1b735NLdLIMzIy3Y8q8+RY=
-154,6,ZoeR3WeFsHz/fv91jMHAYCWkTA4=,tyhGG1b735NLdLIMzIy3Y8q8+RY=
-153,6,ZoeR3WeFsHz/fv91jMHAYCWkTA4=,tyhGG1b735NLdLIMzIy3Y8q8+RY=
-152,6,ZoeR3WeFsHz/fv91jMHAYCWkTA4=,tyhGG1b735NLdLIMzIy3Y8q8+RY=
-151,6,ZoeR3WeFsHz/fv91jMHAYCWkTA4=,tyhGG1b735NLdLIMzIy3Y8q8+RY=
-159,3,ZoeR3WeFsHz/fv91jMHAYCWkTA4=,tyhGG1b735NLdLIMzIy3Y8q8+RY=
-152,0,ZoeR3WeFsHz/fv91jMHAYCWkTA4=,tyhGG1b735NLdLIMzIy3Y8q8+RY=
-149,6,ZoeR3WeFsHz/fv91jMHAYCWkTA4=,tyhGG1b735NLdLIMzIy3Y8q8+RY=
-145,31,BFVS8eFc6Uzu/7YaRts0RZCmpTg=,dQe1AnaX7g+QQtURo2Rb6aBLUxI=
-146,31,BFVS8eFc6Uzu/7YaRts0RZCmpTg=,dQe1AnaX7g+QQtURo2Rb6aBLUxI=
-146,18,BFVS8eFc6Uzu/7YaRts0RZCmpTg=,dQe1AnaX7g+QQtURo2Rb6aBLUxI=
-147,18,BFVS8eFc6Uzu/7YaRts0RZCmpTg=,dQe1AnaX7g+QQtURo2Rb6aBLUxI=
-147,31,BFVS8eFc6Uzu/7YaRts0RZCmpTg=,dQe1AnaX7g+QQtURo2Rb6aBLUxI=
-148,31,BFVS8eFc6Uzu/7YaRts0RZCmpTg=,dQe1AnaX7g+QQtURo2Rb6aBLUxI=
-157,16,BFVS8eFc6Uzu/7YaRts0RZCmpTg=,dQe1AnaX7g+QQtURo2Rb6aBLUxI=
-150,31,BFVS8eFc6Uzu/7YaRts0RZCmpTg=,dQe1AnaX7g+QQtURo2Rb6aBLUxI=
-151,31,BFVS8eFc6Uzu/7YaRts0RZCmpTg=,dQe1AnaX7g+QQtURo2Rb6aBLUxI=
-152,31,BFVS8eFc6Uzu/7YaRts0RZCmpTg=,dQe1AnaX7g+QQtURo2Rb6aBLUxI=
-153,31,BFVS8eFc6Uzu/7YaRts0RZCmpTg=,dQe1AnaX7g+QQtURo2Rb6aBLUxI=
-154,31,BFVS8eFc6Uzu/7YaRts0RZCmpTg=,dQe1AnaX7g+QQtURo2Rb6aBLUxI=
-155,31,BFVS8eFc6Uzu/7YaRts0RZCmpTg=,dQe1AnaX7g+QQtURo2Rb6aBLUxI=
-156,31,BFVS8eFc6Uzu/7YaRts0RZCmpTg=,dQe1AnaX7g+QQtURo2Rb6aBLUxI=
-157,31,BFVS8eFc6Uzu/7YaRts0RZCmpTg=,dQe1AnaX7g+QQtURo2Rb6aBLUxI=
-158,31,BFVS8eFc6Uzu/7YaRts0RZCmpTg=,dQe1AnaX7g+QQtURo2Rb6aBLUxI=
-159,31,BFVS8eFc6Uzu/7YaRts0RZCmpTg=,dQe1AnaX7g+QQtURo2Rb6aBLUxI=
-145,17,BFVS8eFc6Uzu/7YaRts0RZCmpTg=,dQe1AnaX7g+QQtURo2Rb6aBLUxI=
-145,18,BFVS8eFc6Uzu/7YaRts0RZCmpTg=,dQe1AnaX7g+QQtURo2Rb6aBLUxI=
-146,17,BFVS8eFc6Uzu/7YaRts0RZCmpTg=,dQe1AnaX7g+QQtURo2Rb6aBLUxI=
-149,31,BFVS8eFc6Uzu/7YaRts0RZCmpTg=,dQe1AnaX7g+QQtURo2Rb6aBLUxI=
-147,17,BFVS8eFc6Uzu/7YaRts0RZCmpTg=,dQe1AnaX7g+QQtURo2Rb6aBLUxI=
-148,17,BFVS8eFc6Uzu/7YaRts0RZCmpTg=,dQe1AnaX7g+QQtURo2Rb6aBLUxI=
-149,17,BFVS8eFc6Uzu/7YaRts0RZCmpTg=,dQe1AnaX7g+QQtURo2Rb6aBLUxI=
-150,17,BFVS8eFc6Uzu/7YaRts0RZCmpTg=,dQe1AnaX7g+QQtURo2Rb6aBLUxI=
-151,17,BFVS8eFc6Uzu/7YaRts0RZCmpTg=,dQe1AnaX7g+QQtURo2Rb6aBLUxI=
-152,17,BFVS8eFc6Uzu/7YaRts0RZCmpTg=,dQe1AnaX7g+QQtURo2Rb6aBLUxI=
-159,17,BFVS8eFc6Uzu/7YaRts0RZCmpTg=,dQe1AnaX7g+QQtURo2Rb6aBLUxI=
-153,17,BFVS8eFc6Uzu/7YaRts0RZCmpTg=,dQe1AnaX7g+QQtURo2Rb6aBLUxI=
-154,17,BFVS8eFc6Uzu/7YaRts0RZCmpTg=,dQe1AnaX7g+QQtURo2Rb6aBLUxI=
-160,19,BFVS8eFc6Uzu/7YaRts0RZCmpTg=,dQe1AnaX7g+QQtURo2Rb6aBLUxI=
-155,17,BFVS8eFc6Uzu/7YaRts0RZCmpTg=,dQe1AnaX7g+QQtURo2Rb6aBLUxI=
-156,17,BFVS8eFc6Uzu/7YaRts0RZCmpTg=,dQe1AnaX7g+QQtURo2Rb6aBLUxI=
-160,31,BFVS8eFc6Uzu/7YaRts0RZCmpTg=,dQe1AnaX7g+QQtURo2Rb6aBLUxI=
-145,30,BFVS8eFc6Uzu/7YaRts0RZCmpTg=,dQe1AnaX7g+QQtURo2Rb6aBLUxI=
-158,17,BFVS8eFc6Uzu/7YaRts0RZCmpTg=,dQe1AnaX7g+QQtURo2Rb6aBLUxI=
-157,17,BFVS8eFc6Uzu/7YaRts0RZCmpTg=,dQe1AnaX7g+QQtURo2Rb6aBLUxI=
-159,19,BFVS8eFc6Uzu/7YaRts0RZCmpTg=,dQe1AnaX7g+QQtURo2Rb6aBLUxI=
-158,19,BFVS8eFc6Uzu/7YaRts0RZCmpTg=,dQe1AnaX7g+QQtURo2Rb6aBLUxI=
-146,30,BFVS8eFc6Uzu/7YaRts0RZCmpTg=,dQe1AnaX7g+QQtURo2Rb6aBLUxI=
-148,18,BFVS8eFc6Uzu/7YaRts0RZCmpTg=,dQe1AnaX7g+QQtURo2Rb6aBLUxI=
-147,30,BFVS8eFc6Uzu/7YaRts0RZCmpTg=,dQe1AnaX7g+QQtURo2Rb6aBLUxI=
-158,16,BFVS8eFc6Uzu/7YaRts0RZCmpTg=,dQe1AnaX7g+QQtURo2Rb6aBLUxI=
-149,30,BFVS8eFc6Uzu/7YaRts0RZCmpTg=,dQe1AnaX7g+QQtURo2Rb6aBLUxI=
-148,30,BFVS8eFc6Uzu/7YaRts0RZCmpTg=,dQe1AnaX7g+QQtURo2Rb6aBLUxI=
-160,18,BFVS8eFc6Uzu/7YaRts0RZCmpTg=,dQe1AnaX7g+QQtURo2Rb6aBLUxI=
-157,19,BFVS8eFc6Uzu/7YaRts0RZCmpTg=,dQe1AnaX7g+QQtURo2Rb6aBLUxI=
-150,30,BFVS8eFc6Uzu/7YaRts0RZCmpTg=,dQe1AnaX7g+QQtURo2Rb6aBLUxI=
-151,30,BFVS8eFc6Uzu/7YaRts0RZCmpTg=,dQe1AnaX7g+QQtURo2Rb6aBLUxI=
-156,16,BFVS8eFc6Uzu/7YaRts0RZCmpTg=,dQe1AnaX7g+QQtURo2Rb6aBLUxI=
-153,30,BFVS8eFc6Uzu/7YaRts0RZCmpTg=,dQe1AnaX7g+QQtURo2Rb6aBLUxI=
-156,19,BFVS8eFc6Uzu/7YaRts0RZCmpTg=,dQe1AnaX7g+QQtURo2Rb6aBLUxI=
-154,30,BFVS8eFc6Uzu/7YaRts0RZCmpTg=,dQe1AnaX7g+QQtURo2Rb6aBLUxI=
-155,19,BFVS8eFc6Uzu/7YaRts0RZCmpTg=,dQe1AnaX7g+QQtURo2Rb6aBLUxI=
-155,30,BFVS8eFc6Uzu/7YaRts0RZCmpTg=,dQe1AnaX7g+QQtURo2Rb6aBLUxI=
-156,30,BFVS8eFc6Uzu/7YaRts0RZCmpTg=,dQe1AnaX7g+QQtURo2Rb6aBLUxI=
-157,30,BFVS8eFc6Uzu/7YaRts0RZCmpTg=,dQe1AnaX7g+QQtURo2Rb6aBLUxI=
-158,30,BFVS8eFc6Uzu/7YaRts0RZCmpTg=,dQe1AnaX7g+QQtURo2Rb6aBLUxI=
-159,30,BFVS8eFc6Uzu/7YaRts0RZCmpTg=,dQe1AnaX7g+QQtURo2Rb6aBLUxI=
-160,30,BFVS8eFc6Uzu/7YaRts0RZCmpTg=,dQe1AnaX7g+QQtURo2Rb6aBLUxI=
-145,29,BFVS8eFc6Uzu/7YaRts0RZCmpTg=,dQe1AnaX7g+QQtURo2Rb6aBLUxI=
-152,30,BFVS8eFc6Uzu/7YaRts0RZCmpTg=,dQe1AnaX7g+QQtURo2Rb6aBLUxI=
-146,29,BFVS8eFc6Uzu/7YaRts0RZCmpTg=,dQe1AnaX7g+QQtURo2Rb6aBLUxI=
-154,19,BFVS8eFc6Uzu/7YaRts0RZCmpTg=,dQe1AnaX7g+QQtURo2Rb6aBLUxI=
-153,19,BFVS8eFc6Uzu/7YaRts0RZCmpTg=,dQe1AnaX7g+QQtURo2Rb6aBLUxI=
-145,16,BFVS8eFc6Uzu/7YaRts0RZCmpTg=,dQe1AnaX7g+QQtURo2Rb6aBLUxI=
-147,29,BFVS8eFc6Uzu/7YaRts0RZCmpTg=,dQe1AnaX7g+QQtURo2Rb6aBLUxI=
-149,18,BFVS8eFc6Uzu/7YaRts0RZCmpTg=,dQe1AnaX7g+QQtURo2Rb6aBLUxI=
-148,29,BFVS8eFc6Uzu/7YaRts0RZCmpTg=,dQe1AnaX7g+QQtURo2Rb6aBLUxI=
-149,29,BFVS8eFc6Uzu/7YaRts0RZCmpTg=,dQe1AnaX7g+QQtURo2Rb6aBLUxI=
-152,19,BFVS8eFc6Uzu/7YaRts0RZCmpTg=,dQe1AnaX7g+QQtURo2Rb6aBLUxI=
-160,17,BFVS8eFc6Uzu/7YaRts0RZCmpTg=,dQe1AnaX7g+QQtURo2Rb6aBLUxI=
-151,19,BFVS8eFc6Uzu/7YaRts0RZCmpTg=,dQe1AnaX7g+QQtURo2Rb6aBLUxI=
-150,19,BFVS8eFc6Uzu/7YaRts0RZCmpTg=,dQe1AnaX7g+QQtURo2Rb6aBLUxI=
-149,19,BFVS8eFc6Uzu/7YaRts0RZCmpTg=,dQe1AnaX7g+QQtURo2Rb6aBLUxI=
-148,19,BFVS8eFc6Uzu/7YaRts0RZCmpTg=,dQe1AnaX7g+QQtURo2Rb6aBLUxI=
-151,29,BFVS8eFc6Uzu/7YaRts0RZCmpTg=,dQe1AnaX7g+QQtURo2Rb6aBLUxI=
-150,29,BFVS8eFc6Uzu/7YaRts0RZCmpTg=,dQe1AnaX7g+QQtURo2Rb6aBLUxI=
-147,19,BFVS8eFc6Uzu/7YaRts0RZCmpTg=,dQe1AnaX7g+QQtURo2Rb6aBLUxI=
-152,29,BFVS8eFc6Uzu/7YaRts0RZCmpTg=,dQe1AnaX7g+QQtURo2Rb6aBLUxI=
-154,29,BFVS8eFc6Uzu/7YaRts0RZCmpTg=,dQe1AnaX7g+QQtURo2Rb6aBLUxI=
-155,29,BFVS8eFc6Uzu/7YaRts0RZCmpTg=,dQe1AnaX7g+QQtURo2Rb6aBLUxI=
-153,29,BFVS8eFc6Uzu/7YaRts0RZCmpTg=,dQe1AnaX7g+QQtURo2Rb6aBLUxI=
-157,29,BFVS8eFc6Uzu/7YaRts0RZCmpTg=,dQe1AnaX7g+QQtURo2Rb6aBLUxI=
-156,29,BFVS8eFc6Uzu/7YaRts0RZCmpTg=,dQe1AnaX7g+QQtURo2Rb6aBLUxI=
-159,29,BFVS8eFc6Uzu/7YaRts0RZCmpTg=,dQe1AnaX7g+QQtURo2Rb6aBLUxI=
-158,29,BFVS8eFc6Uzu/7YaRts0RZCmpTg=,dQe1AnaX7g+QQtURo2Rb6aBLUxI=
-146,19,BFVS8eFc6Uzu/7YaRts0RZCmpTg=,dQe1AnaX7g+QQtURo2Rb6aBLUxI=
-160,29,BFVS8eFc6Uzu/7YaRts0RZCmpTg=,dQe1AnaX7g+QQtURo2Rb6aBLUxI=
-145,28,BFVS8eFc6Uzu/7YaRts0RZCmpTg=,dQe1AnaX7g+QQtURo2Rb6aBLUxI=
-146,28,BFVS8eFc6Uzu/7YaRts0RZCmpTg=,dQe1AnaX7g+QQtURo2Rb6aBLUxI=
-147,28,BFVS8eFc6Uzu/7YaRts0RZCmpTg=,dQe1AnaX7g+QQtURo2Rb6aBLUxI=
-148,28,BFVS8eFc6Uzu/7YaRts0RZCmpTg=,dQe1AnaX7g+QQtURo2Rb6aBLUxI=
-146,16,BFVS8eFc6Uzu/7YaRts0RZCmpTg=,dQe1AnaX7g+QQtURo2Rb6aBLUxI=
-150,18,BFVS8eFc6Uzu/7YaRts0RZCmpTg=,dQe1AnaX7g+QQtURo2Rb6aBLUxI=
-149,28,BFVS8eFc6Uzu/7YaRts0RZCmpTg=,dQe1AnaX7g+QQtURo2Rb6aBLUxI=
-159,16,BFVS8eFc6Uzu/7YaRts0RZCmpTg=,dQe1AnaX7g+QQtURo2Rb6aBLUxI=
-145,19,BFVS8eFc6Uzu/7YaRts0RZCmpTg=,dQe1AnaX7g+QQtURo2Rb6aBLUxI=
-150,28,BFVS8eFc6Uzu/7YaRts0RZCmpTg=,dQe1AnaX7g+QQtURo2Rb6aBLUxI=
-159,18,BFVS8eFc6Uzu/7YaRts0RZCmpTg=,dQe1AnaX7g+QQtURo2Rb6aBLUxI=
-151,28,BFVS8eFc6Uzu/7YaRts0RZCmpTg=,dQe1AnaX7g+QQtURo2Rb6aBLUxI=
-152,28,BFVS8eFc6Uzu/7YaRts0RZCmpTg=,dQe1AnaX7g+QQtURo2Rb6aBLUxI=
-153,28,BFVS8eFc6Uzu/7YaRts0RZCmpTg=,dQe1AnaX7g+QQtURo2Rb6aBLUxI=
-160,20,BFVS8eFc6Uzu/7YaRts0RZCmpTg=,dQe1AnaX7g+QQtURo2Rb6aBLUxI=
-159,20,BFVS8eFc6Uzu/7YaRts0RZCmpTg=,dQe1AnaX7g+QQtURo2Rb6aBLUxI=
-158,20,BFVS8eFc6Uzu/7YaRts0RZCmpTg=,dQe1AnaX7g+QQtURo2Rb6aBLUxI=
-157,20,BFVS8eFc6Uzu/7YaRts0RZCmpTg=,dQe1AnaX7g+QQtURo2Rb6aBLUxI=
-158,18,BFVS8eFc6Uzu/7YaRts0RZCmpTg=,dQe1AnaX7g+QQtURo2Rb6aBLUxI=
-155,16,BFVS8eFc6Uzu/7YaRts0RZCmpTg=,dQe1AnaX7g+QQtURo2Rb6aBLUxI=
-155,28,BFVS8eFc6Uzu/7YaRts0RZCmpTg=,dQe1AnaX7g+QQtURo2Rb6aBLUxI=
-156,20,BFVS8eFc6Uzu/7YaRts0RZCmpTg=,dQe1AnaX7g+QQtURo2Rb6aBLUxI=
-155,20,BFVS8eFc6Uzu/7YaRts0RZCmpTg=,dQe1AnaX7g+QQtURo2Rb6aBLUxI=
-154,28,BFVS8eFc6Uzu/7YaRts0RZCmpTg=,dQe1AnaX7g+QQtURo2Rb6aBLUxI=
-154,20,BFVS8eFc6Uzu/7YaRts0RZCmpTg=,dQe1AnaX7g+QQtURo2Rb6aBLUxI=
-153,20,BFVS8eFc6Uzu/7YaRts0RZCmpTg=,dQe1AnaX7g+QQtURo2Rb6aBLUxI=
-157,28,BFVS8eFc6Uzu/7YaRts0RZCmpTg=,dQe1AnaX7g+QQtURo2Rb6aBLUxI=
-156,28,BFVS8eFc6Uzu/7YaRts0RZCmpTg=,dQe1AnaX7g+QQtURo2Rb6aBLUxI=
-152,20,BFVS8eFc6Uzu/7YaRts0RZCmpTg=,dQe1AnaX7g+QQtURo2Rb6aBLUxI=
-158,28,BFVS8eFc6Uzu/7YaRts0RZCmpTg=,dQe1AnaX7g+QQtURo2Rb6aBLUxI=
-159,28,BFVS8eFc6Uzu/7YaRts0RZCmpTg=,dQe1AnaX7g+QQtURo2Rb6aBLUxI=
-145,27,BFVS8eFc6Uzu/7YaRts0RZCmpTg=,dQe1AnaX7g+QQtURo2Rb6aBLUxI=
-146,27,BFVS8eFc6Uzu/7YaRts0RZCmpTg=,dQe1AnaX7g+QQtURo2Rb6aBLUxI=
-147,27,BFVS8eFc6Uzu/7YaRts0RZCmpTg=,dQe1AnaX7g+QQtURo2Rb6aBLUxI=
-148,27,BFVS8eFc6Uzu/7YaRts0RZCmpTg=,dQe1AnaX7g+QQtURo2Rb6aBLUxI=
-149,27,BFVS8eFc6Uzu/7YaRts0RZCmpTg=,dQe1AnaX7g+QQtURo2Rb6aBLUxI=
-160,28,BFVS8eFc6Uzu/7YaRts0RZCmpTg=,dQe1AnaX7g+QQtURo2Rb6aBLUxI=
-151,20,BFVS8eFc6Uzu/7YaRts0RZCmpTg=,dQe1AnaX7g+QQtURo2Rb6aBLUxI=
-147,16,BFVS8eFc6Uzu/7YaRts0RZCmpTg=,dQe1AnaX7g+QQtURo2Rb6aBLUxI=
-151,18,BFVS8eFc6Uzu/7YaRts0RZCmpTg=,dQe1AnaX7g+QQtURo2Rb6aBLUxI=
-151,27,BFVS8eFc6Uzu/7YaRts0RZCmpTg=,dQe1AnaX7g+QQtURo2Rb6aBLUxI=
-150,27,BFVS8eFc6Uzu/7YaRts0RZCmpTg=,dQe1AnaX7g+QQtURo2Rb6aBLUxI=
-152,27,BFVS8eFc6Uzu/7YaRts0RZCmpTg=,dQe1AnaX7g+QQtURo2Rb6aBLUxI=
-153,27,BFVS8eFc6Uzu/7YaRts0RZCmpTg=,dQe1AnaX7g+QQtURo2Rb6aBLUxI=
-154,27,BFVS8eFc6Uzu/7YaRts0RZCmpTg=,dQe1AnaX7g+QQtURo2Rb6aBLUxI=
-160,16,BFVS8eFc6Uzu/7YaRts0RZCmpTg=,dQe1AnaX7g+QQtURo2Rb6aBLUxI=
-150,20,BFVS8eFc6Uzu/7YaRts0RZCmpTg=,dQe1AnaX7g+QQtURo2Rb6aBLUxI=
-149,20,BFVS8eFc6Uzu/7YaRts0RZCmpTg=,dQe1AnaX7g+QQtURo2Rb6aBLUxI=
-148,20,BFVS8eFc6Uzu/7YaRts0RZCmpTg=,dQe1AnaX7g+QQtURo2Rb6aBLUxI=
-156,27,BFVS8eFc6Uzu/7YaRts0RZCmpTg=,dQe1AnaX7g+QQtURo2Rb6aBLUxI=
-155,27,BFVS8eFc6Uzu/7YaRts0RZCmpTg=,dQe1AnaX7g+QQtURo2Rb6aBLUxI=
-157,27,BFVS8eFc6Uzu/7YaRts0RZCmpTg=,dQe1AnaX7g+QQtURo2Rb6aBLUxI=
-158,27,BFVS8eFc6Uzu/7YaRts0RZCmpTg=,dQe1AnaX7g+QQtURo2Rb6aBLUxI=
-159,27,BFVS8eFc6Uzu/7YaRts0RZCmpTg=,dQe1AnaX7g+QQtURo2Rb6aBLUxI=
-145,26,BFVS8eFc6Uzu/7YaRts0RZCmpTg=,dQe1AnaX7g+QQtURo2Rb6aBLUxI=
-146,26,BFVS8eFc6Uzu/7YaRts0RZCmpTg=,dQe1AnaX7g+QQtURo2Rb6aBLUxI=
-147,26,BFVS8eFc6Uzu/7YaRts0RZCmpTg=,dQe1AnaX7g+QQtURo2Rb6aBLUxI=
-148,26,BFVS8eFc6Uzu/7YaRts0RZCmpTg=,dQe1AnaX7g+QQtURo2Rb6aBLUxI=
-149,26,BFVS8eFc6Uzu/7YaRts0RZCmpTg=,dQe1AnaX7g+QQtURo2Rb6aBLUxI=
-150,26,BFVS8eFc6Uzu/7YaRts0RZCmpTg=,dQe1AnaX7g+QQtURo2Rb6aBLUxI=
-148,16,BFVS8eFc6Uzu/7YaRts0RZCmpTg=,dQe1AnaX7g+QQtURo2Rb6aBLUxI=
-152,18,BFVS8eFc6Uzu/7YaRts0RZCmpTg=,dQe1AnaX7g+QQtURo2Rb6aBLUxI=
-151,26,BFVS8eFc6Uzu/7YaRts0RZCmpTg=,dQe1AnaX7g+QQtURo2Rb6aBLUxI=
-160,27,BFVS8eFc6Uzu/7YaRts0RZCmpTg=,dQe1AnaX7g+QQtURo2Rb6aBLUxI=
-152,26,BFVS8eFc6Uzu/7YaRts0RZCmpTg=,dQe1AnaX7g+QQtURo2Rb6aBLUxI=
-147,20,BFVS8eFc6Uzu/7YaRts0RZCmpTg=,dQe1AnaX7g+QQtURo2Rb6aBLUxI=
-153,26,BFVS8eFc6Uzu/7YaRts0RZCmpTg=,dQe1AnaX7g+QQtURo2Rb6aBLUxI=
-154,26,BFVS8eFc6Uzu/7YaRts0RZCmpTg=,dQe1AnaX7g+QQtURo2Rb6aBLUxI=
-155,26,BFVS8eFc6Uzu/7YaRts0RZCmpTg=,dQe1AnaX7g+QQtURo2Rb6aBLUxI=
-157,26,BFVS8eFc6Uzu/7YaRts0RZCmpTg=,dQe1AnaX7g+QQtURo2Rb6aBLUxI=
-156,26,BFVS8eFc6Uzu/7YaRts0RZCmpTg=,dQe1AnaX7g+QQtURo2Rb6aBLUxI=
-159,26,BFVS8eFc6Uzu/7YaRts0RZCmpTg=,dQe1AnaX7g+QQtURo2Rb6aBLUxI=
-160,26,BFVS8eFc6Uzu/7YaRts0RZCmpTg=,dQe1AnaX7g+QQtURo2Rb6aBLUxI=
-145,25,BFVS8eFc6Uzu/7YaRts0RZCmpTg=,dQe1AnaX7g+QQtURo2Rb6aBLUxI=
-146,25,BFVS8eFc6Uzu/7YaRts0RZCmpTg=,dQe1AnaX7g+QQtURo2Rb6aBLUxI=
-147,25,BFVS8eFc6Uzu/7YaRts0RZCmpTg=,dQe1AnaX7g+QQtURo2Rb6aBLUxI=
-148,25,BFVS8eFc6Uzu/7YaRts0RZCmpTg=,dQe1AnaX7g+QQtURo2Rb6aBLUxI=
-149,25,BFVS8eFc6Uzu/7YaRts0RZCmpTg=,dQe1AnaX7g+QQtURo2Rb6aBLUxI=
-150,25,BFVS8eFc6Uzu/7YaRts0RZCmpTg=,dQe1AnaX7g+QQtURo2Rb6aBLUxI=
-158,26,BFVS8eFc6Uzu/7YaRts0RZCmpTg=,dQe1AnaX7g+QQtURo2Rb6aBLUxI=
-149,16,BFVS8eFc6Uzu/7YaRts0RZCmpTg=,dQe1AnaX7g+QQtURo2Rb6aBLUxI=
-153,18,BFVS8eFc6Uzu/7YaRts0RZCmpTg=,dQe1AnaX7g+QQtURo2Rb6aBLUxI=
-151,25,BFVS8eFc6Uzu/7YaRts0RZCmpTg=,dQe1AnaX7g+QQtURo2Rb6aBLUxI=
-153,25,BFVS8eFc6Uzu/7YaRts0RZCmpTg=,dQe1AnaX7g+QQtURo2Rb6aBLUxI=
-152,25,BFVS8eFc6Uzu/7YaRts0RZCmpTg=,dQe1AnaX7g+QQtURo2Rb6aBLUxI=
-154,25,BFVS8eFc6Uzu/7YaRts0RZCmpTg=,dQe1AnaX7g+QQtURo2Rb6aBLUxI=
-146,20,BFVS8eFc6Uzu/7YaRts0RZCmpTg=,dQe1AnaX7g+QQtURo2Rb6aBLUxI=
-155,25,BFVS8eFc6Uzu/7YaRts0RZCmpTg=,dQe1AnaX7g+QQtURo2Rb6aBLUxI=
-156,25,BFVS8eFc6Uzu/7YaRts0RZCmpTg=,dQe1AnaX7g+QQtURo2Rb6aBLUxI=
-157,25,BFVS8eFc6Uzu/7YaRts0RZCmpTg=,dQe1AnaX7g+QQtURo2Rb6aBLUxI=
-159,25,BFVS8eFc6Uzu/7YaRts0RZCmpTg=,dQe1AnaX7g+QQtURo2Rb6aBLUxI=
-160,25,BFVS8eFc6Uzu/7YaRts0RZCmpTg=,dQe1AnaX7g+QQtURo2Rb6aBLUxI=
-145,24,BFVS8eFc6Uzu/7YaRts0RZCmpTg=,dQe1AnaX7g+QQtURo2Rb6aBLUxI=
-146,24,BFVS8eFc6Uzu/7YaRts0RZCmpTg=,dQe1AnaX7g+QQtURo2Rb6aBLUxI=
-147,24,BFVS8eFc6Uzu/7YaRts0RZCmpTg=,dQe1AnaX7g+QQtURo2Rb6aBLUxI=
-148,24,BFVS8eFc6Uzu/7YaRts0RZCmpTg=,dQe1AnaX7g+QQtURo2Rb6aBLUxI=
-149,24,BFVS8eFc6Uzu/7YaRts0RZCmpTg=,dQe1AnaX7g+QQtURo2Rb6aBLUxI=
-150,24,BFVS8eFc6Uzu/7YaRts0RZCmpTg=,dQe1AnaX7g+QQtURo2Rb6aBLUxI=
-151,24,BFVS8eFc6Uzu/7YaRts0RZCmpTg=,dQe1AnaX7g+QQtURo2Rb6aBLUxI=
-152,24,BFVS8eFc6Uzu/7YaRts0RZCmpTg=,dQe1AnaX7g+QQtURo2Rb6aBLUxI=
-150,16,BFVS8eFc6Uzu/7YaRts0RZCmpTg=,dQe1AnaX7g+QQtURo2Rb6aBLUxI=
-154,16,BFVS8eFc6Uzu/7YaRts0RZCmpTg=,dQe1AnaX7g+QQtURo2Rb6aBLUxI=
-145,20,BFVS8eFc6Uzu/7YaRts0RZCmpTg=,dQe1AnaX7g+QQtURo2Rb6aBLUxI=
-158,25,BFVS8eFc6Uzu/7YaRts0RZCmpTg=,dQe1AnaX7g+QQtURo2Rb6aBLUxI=
-153,24,BFVS8eFc6Uzu/7YaRts0RZCmpTg=,dQe1AnaX7g+QQtURo2Rb6aBLUxI=
-154,18,BFVS8eFc6Uzu/7YaRts0RZCmpTg=,dQe1AnaX7g+QQtURo2Rb6aBLUxI=
-154,24,BFVS8eFc6Uzu/7YaRts0RZCmpTg=,dQe1AnaX7g+QQtURo2Rb6aBLUxI=
-160,21,BFVS8eFc6Uzu/7YaRts0RZCmpTg=,dQe1AnaX7g+QQtURo2Rb6aBLUxI=
-159,21,BFVS8eFc6Uzu/7YaRts0RZCmpTg=,dQe1AnaX7g+QQtURo2Rb6aBLUxI=
-158,21,BFVS8eFc6Uzu/7YaRts0RZCmpTg=,dQe1AnaX7g+QQtURo2Rb6aBLUxI=
-157,21,BFVS8eFc6Uzu/7YaRts0RZCmpTg=,dQe1AnaX7g+QQtURo2Rb6aBLUxI=
-156,21,BFVS8eFc6Uzu/7YaRts0RZCmpTg=,dQe1AnaX7g+QQtURo2Rb6aBLUxI=
-157,18,BFVS8eFc6Uzu/7YaRts0RZCmpTg=,dQe1AnaX7g+QQtURo2Rb6aBLUxI=
-153,16,BFVS8eFc6Uzu/7YaRts0RZCmpTg=,dQe1AnaX7g+QQtURo2Rb6aBLUxI=
-155,21,BFVS8eFc6Uzu/7YaRts0RZCmpTg=,dQe1AnaX7g+QQtURo2Rb6aBLUxI=
-155,24,BFVS8eFc6Uzu/7YaRts0RZCmpTg=,dQe1AnaX7g+QQtURo2Rb6aBLUxI=
-156,24,BFVS8eFc6Uzu/7YaRts0RZCmpTg=,dQe1AnaX7g+QQtURo2Rb6aBLUxI=
-158,24,BFVS8eFc6Uzu/7YaRts0RZCmpTg=,dQe1AnaX7g+QQtURo2Rb6aBLUxI=
-154,21,BFVS8eFc6Uzu/7YaRts0RZCmpTg=,dQe1AnaX7g+QQtURo2Rb6aBLUxI=
-157,24,BFVS8eFc6Uzu/7YaRts0RZCmpTg=,dQe1AnaX7g+QQtURo2Rb6aBLUxI=
-153,21,BFVS8eFc6Uzu/7YaRts0RZCmpTg=,dQe1AnaX7g+QQtURo2Rb6aBLUxI=
-152,21,BFVS8eFc6Uzu/7YaRts0RZCmpTg=,dQe1AnaX7g+QQtURo2Rb6aBLUxI=
-151,21,BFVS8eFc6Uzu/7YaRts0RZCmpTg=,dQe1AnaX7g+QQtURo2Rb6aBLUxI=
-150,21,BFVS8eFc6Uzu/7YaRts0RZCmpTg=,dQe1AnaX7g+QQtURo2Rb6aBLUxI=
-160,24,BFVS8eFc6Uzu/7YaRts0RZCmpTg=,dQe1AnaX7g+QQtURo2Rb6aBLUxI=
-145,23,BFVS8eFc6Uzu/7YaRts0RZCmpTg=,dQe1AnaX7g+QQtURo2Rb6aBLUxI=
-146,23,BFVS8eFc6Uzu/7YaRts0RZCmpTg=,dQe1AnaX7g+QQtURo2Rb6aBLUxI=
-147,23,BFVS8eFc6Uzu/7YaRts0RZCmpTg=,dQe1AnaX7g+QQtURo2Rb6aBLUxI=
-148,23,BFVS8eFc6Uzu/7YaRts0RZCmpTg=,dQe1AnaX7g+QQtURo2Rb6aBLUxI=
-149,23,BFVS8eFc6Uzu/7YaRts0RZCmpTg=,dQe1AnaX7g+QQtURo2Rb6aBLUxI=
-150,23,BFVS8eFc6Uzu/7YaRts0RZCmpTg=,dQe1AnaX7g+QQtURo2Rb6aBLUxI=
-151,23,BFVS8eFc6Uzu/7YaRts0RZCmpTg=,dQe1AnaX7g+QQtURo2Rb6aBLUxI=
-152,23,BFVS8eFc6Uzu/7YaRts0RZCmpTg=,dQe1AnaX7g+QQtURo2Rb6aBLUxI=
-153,23,BFVS8eFc6Uzu/7YaRts0RZCmpTg=,dQe1AnaX7g+QQtURo2Rb6aBLUxI=
-159,24,BFVS8eFc6Uzu/7YaRts0RZCmpTg=,dQe1AnaX7g+QQtURo2Rb6aBLUxI=
-155,18,BFVS8eFc6Uzu/7YaRts0RZCmpTg=,dQe1AnaX7g+QQtURo2Rb6aBLUxI=
-154,23,BFVS8eFc6Uzu/7YaRts0RZCmpTg=,dQe1AnaX7g+QQtURo2Rb6aBLUxI=
-155,23,BFVS8eFc6Uzu/7YaRts0RZCmpTg=,dQe1AnaX7g+QQtURo2Rb6aBLUxI=
-156,23,BFVS8eFc6Uzu/7YaRts0RZCmpTg=,dQe1AnaX7g+QQtURo2Rb6aBLUxI=
-149,21,BFVS8eFc6Uzu/7YaRts0RZCmpTg=,dQe1AnaX7g+QQtURo2Rb6aBLUxI=
-151,16,BFVS8eFc6Uzu/7YaRts0RZCmpTg=,dQe1AnaX7g+QQtURo2Rb6aBLUxI=
-157,23,BFVS8eFc6Uzu/7YaRts0RZCmpTg=,dQe1AnaX7g+QQtURo2Rb6aBLUxI=
-148,21,BFVS8eFc6Uzu/7YaRts0RZCmpTg=,dQe1AnaX7g+QQtURo2Rb6aBLUxI=
-158,23,BFVS8eFc6Uzu/7YaRts0RZCmpTg=,dQe1AnaX7g+QQtURo2Rb6aBLUxI=
-147,21,BFVS8eFc6Uzu/7YaRts0RZCmpTg=,dQe1AnaX7g+QQtURo2Rb6aBLUxI=
-159,23,BFVS8eFc6Uzu/7YaRts0RZCmpTg=,dQe1AnaX7g+QQtURo2Rb6aBLUxI=
-145,22,BFVS8eFc6Uzu/7YaRts0RZCmpTg=,dQe1AnaX7g+QQtURo2Rb6aBLUxI=
-146,22,BFVS8eFc6Uzu/7YaRts0RZCmpTg=,dQe1AnaX7g+QQtURo2Rb6aBLUxI=
-147,22,BFVS8eFc6Uzu/7YaRts0RZCmpTg=,dQe1AnaX7g+QQtURo2Rb6aBLUxI=
-160,23,BFVS8eFc6Uzu/7YaRts0RZCmpTg=,dQe1AnaX7g+QQtURo2Rb6aBLUxI=
-146,21,BFVS8eFc6Uzu/7YaRts0RZCmpTg=,dQe1AnaX7g+QQtURo2Rb6aBLUxI=
-145,21,BFVS8eFc6Uzu/7YaRts0RZCmpTg=,dQe1AnaX7g+QQtURo2Rb6aBLUxI=
-148,22,BFVS8eFc6Uzu/7YaRts0RZCmpTg=,dQe1AnaX7g+QQtURo2Rb6aBLUxI=
-150,22,BFVS8eFc6Uzu/7YaRts0RZCmpTg=,dQe1AnaX7g+QQtURo2Rb6aBLUxI=
-151,22,BFVS8eFc6Uzu/7YaRts0RZCmpTg=,dQe1AnaX7g+QQtURo2Rb6aBLUxI=
-149,22,BFVS8eFc6Uzu/7YaRts0RZCmpTg=,dQe1AnaX7g+QQtURo2Rb6aBLUxI=
-152,22,BFVS8eFc6Uzu/7YaRts0RZCmpTg=,dQe1AnaX7g+QQtURo2Rb6aBLUxI=
-153,22,BFVS8eFc6Uzu/7YaRts0RZCmpTg=,dQe1AnaX7g+QQtURo2Rb6aBLUxI=
-152,16,BFVS8eFc6Uzu/7YaRts0RZCmpTg=,dQe1AnaX7g+QQtURo2Rb6aBLUxI=
-156,18,BFVS8eFc6Uzu/7YaRts0RZCmpTg=,dQe1AnaX7g+QQtURo2Rb6aBLUxI=
-155,22,BFVS8eFc6Uzu/7YaRts0RZCmpTg=,dQe1AnaX7g+QQtURo2Rb6aBLUxI=
-156,22,BFVS8eFc6Uzu/7YaRts0RZCmpTg=,dQe1AnaX7g+QQtURo2Rb6aBLUxI=
-157,22,BFVS8eFc6Uzu/7YaRts0RZCmpTg=,dQe1AnaX7g+QQtURo2Rb6aBLUxI=
-160,22,BFVS8eFc6Uzu/7YaRts0RZCmpTg=,dQe1AnaX7g+QQtURo2Rb6aBLUxI=
-158,22,BFVS8eFc6Uzu/7YaRts0RZCmpTg=,dQe1AnaX7g+QQtURo2Rb6aBLUxI=
-154,22,BFVS8eFc6Uzu/7YaRts0RZCmpTg=,dQe1AnaX7g+QQtURo2Rb6aBLUxI=
-159,22,BFVS8eFc6Uzu/7YaRts0RZCmpTg=,dQe1AnaX7g+QQtURo2Rb6aBLUxI=
-129,31,BfpSB84UKSgAWRWKpoXLvsnTdFI=,9C0VosHiWU2nG4PvO6DgKZPo42E=
-141,16,BfpSB84UKSgAWRWKpoXLvsnTdFI=,9C0VosHiWU2nG4PvO6DgKZPo42E=
-132,19,BfpSB84UKSgAWRWKpoXLvsnTdFI=,9C0VosHiWU2nG4PvO6DgKZPo42E=
-129,17,BfpSB84UKSgAWRWKpoXLvsnTdFI=,9C0VosHiWU2nG4PvO6DgKZPo42E=
-131,18,BfpSB84UKSgAWRWKpoXLvsnTdFI=,9C0VosHiWU2nG4PvO6DgKZPo42E=
-130,18,sXN1FTRU0eUv8p4aFGESi1PFTuA=,9C0VosHiWU2nG4PvO6DgKZPo42E=
-140,16,sXN1FTRU0eUv8p4aFGESi1PFTuA=,9C0VosHiWU2nG4PvO6DgKZPo42E=
-133,18,sXN1FTRU0eUv8p4aFGESi1PFTuA=,9C0VosHiWU2nG4PvO6DgKZPo42E=
-132,18,sXN1FTRU0eUv8p4aFGESi1PFTuA=,9C0VosHiWU2nG4PvO6DgKZPo42E=
-134,18,sXN1FTRU0eUv8p4aFGESi1PFTuA=,9C0VosHiWU2nG4PvO6DgKZPo42E=
-136,18,sXN1FTRU0eUv8p4aFGESi1PFTuA=,9C0VosHiWU2nG4PvO6DgKZPo42E=
-137,18,sXN1FTRU0eUv8p4aFGESi1PFTuA=,9C0VosHiWU2nG4PvO6DgKZPo42E=
-135,18,sXN1FTRU0eUv8p4aFGESi1PFTuA=,9C0VosHiWU2nG4PvO6DgKZPo42E=
-139,18,sXN1FTRU0eUv8p4aFGESi1PFTuA=,9C0VosHiWU2nG4PvO6DgKZPo42E=
-138,18,sXN1FTRU0eUv8p4aFGESi1PFTuA=,9C0VosHiWU2nG4PvO6DgKZPo42E=
-141,18,sXN1FTRU0eUv8p4aFGESi1PFTuA=,9C0VosHiWU2nG4PvO6DgKZPo42E=
-142,18,sXN1FTRU0eUv8p4aFGESi1PFTuA=,9C0VosHiWU2nG4PvO6DgKZPo42E=
-140,18,sXN1FTRU0eUv8p4aFGESi1PFTuA=,9C0VosHiWU2nG4PvO6DgKZPo42E=
-131,19,sXN1FTRU0eUv8p4aFGESi1PFTuA=,9C0VosHiWU2nG4PvO6DgKZPo42E=
-133,19,sXN1FTRU0eUv8p4aFGESi1PFTuA=,9C0VosHiWU2nG4PvO6DgKZPo42E=
-143,18,sXN1FTRU0eUv8p4aFGESi1PFTuA=,9C0VosHiWU2nG4PvO6DgKZPo42E=
-130,19,sXN1FTRU0eUv8p4aFGESi1PFTuA=,9C0VosHiWU2nG4PvO6DgKZPo42E=
-130,31,sXN1FTRU0eUv8p4aFGESi1PFTuA=,9C0VosHiWU2nG4PvO6DgKZPo42E=
-139,16,sXN1FTRU0eUv8p4aFGESi1PFTuA=,9C0VosHiWU2nG4PvO6DgKZPo42E=
-144,18,sXN1FTRU0eUv8p4aFGESi1PFTuA=,9C0VosHiWU2nG4PvO6DgKZPo42E=
-131,31,sXN1FTRU0eUv8p4aFGESi1PFTuA=,9C0VosHiWU2nG4PvO6DgKZPo42E=
-133,31,sXN1FTRU0eUv8p4aFGESi1PFTuA=,9C0VosHiWU2nG4PvO6DgKZPo42E=
-132,31,sXN1FTRU0eUv8p4aFGESi1PFTuA=,9C0VosHiWU2nG4PvO6DgKZPo42E=
-129,19,sXN1FTRU0eUv8p4aFGESi1PFTuA=,9C0VosHiWU2nG4PvO6DgKZPo42E=
-135,31,sXN1FTRU0eUv8p4aFGESi1PFTuA=,9C0VosHiWU2nG4PvO6DgKZPo42E=
-142,17,sXN1FTRU0eUv8p4aFGESi1PFTuA=,9C0VosHiWU2nG4PvO6DgKZPo42E=
-134,31,sXN1FTRU0eUv8p4aFGESi1PFTuA=,9C0VosHiWU2nG4PvO6DgKZPo42E=
-137,31,sXN1FTRU0eUv8p4aFGESi1PFTuA=,9C0VosHiWU2nG4PvO6DgKZPo42E=
-136,31,sXN1FTRU0eUv8p4aFGESi1PFTuA=,9C0VosHiWU2nG4PvO6DgKZPo42E=
-139,31,sXN1FTRU0eUv8p4aFGESi1PFTuA=,9C0VosHiWU2nG4PvO6DgKZPo42E=
-140,31,sXN1FTRU0eUv8p4aFGESi1PFTuA=,9C0VosHiWU2nG4PvO6DgKZPo42E=
-141,31,sXN1FTRU0eUv8p4aFGESi1PFTuA=,9C0VosHiWU2nG4PvO6DgKZPo42E=
-142,31,sXN1FTRU0eUv8p4aFGESi1PFTuA=,9C0VosHiWU2nG4PvO6DgKZPo42E=
-138,31,sXN1FTRU0eUv8p4aFGESi1PFTuA=,9C0VosHiWU2nG4PvO6DgKZPo42E=
-134,19,sXN1FTRU0eUv8p4aFGESi1PFTuA=,9C0VosHiWU2nG4PvO6DgKZPo42E=
-143,31,sXN1FTRU0eUv8p4aFGESi1PFTuA=,9C0VosHiWU2nG4PvO6DgKZPo42E=
-144,20,sXN1FTRU0eUv8p4aFGESi1PFTuA=,9C0VosHiWU2nG4PvO6DgKZPo42E=
-142,16,sXN1FTRU0eUv8p4aFGESi1PFTuA=,9C0VosHiWU2nG4PvO6DgKZPo42E=
-144,31,sXN1FTRU0eUv8p4aFGESi1PFTuA=,9C0VosHiWU2nG4PvO6DgKZPo42E=
-143,20,sXN1FTRU0eUv8p4aFGESi1PFTuA=,9C0VosHiWU2nG4PvO6DgKZPo42E=
-129,30,sXN1FTRU0eUv8p4aFGESi1PFTuA=,9C0VosHiWU2nG4PvO6DgKZPo42E=
-142,20,sXN1FTRU0eUv8p4aFGESi1PFTuA=,9C0VosHiWU2nG4PvO6DgKZPo42E=
-141,20,sXN1FTRU0eUv8p4aFGESi1PFTuA=,9C0VosHiWU2nG4PvO6DgKZPo42E=
-140,20,sXN1FTRU0eUv8p4aFGESi1PFTuA=,9C0VosHiWU2nG4PvO6DgKZPo42E=
-139,20,sXN1FTRU0eUv8p4aFGESi1PFTuA=,9C0VosHiWU2nG4PvO6DgKZPo42E=
-138,20,sXN1FTRU0eUv8p4aFGESi1PFTuA=,9C0VosHiWU2nG4PvO6DgKZPo42E=
-137,20,sXN1FTRU0eUv8p4aFGESi1PFTuA=,9C0VosHiWU2nG4PvO6DgKZPo42E=
-130,17,sXN1FTRU0eUv8p4aFGESi1PFTuA=,9C0VosHiWU2nG4PvO6DgKZPo42E=
-130,30,sXN1FTRU0eUv8p4aFGESi1PFTuA=,9C0VosHiWU2nG4PvO6DgKZPo42E=
-132,30,sXN1FTRU0eUv8p4aFGESi1PFTuA=,9C0VosHiWU2nG4PvO6DgKZPo42E=
-133,30,sXN1FTRU0eUv8p4aFGESi1PFTuA=,9C0VosHiWU2nG4PvO6DgKZPo42E=
-134,30,sXN1FTRU0eUv8p4aFGESi1PFTuA=,9C0VosHiWU2nG4PvO6DgKZPo42E=
-131,30,sXN1FTRU0eUv8p4aFGESi1PFTuA=,9C0VosHiWU2nG4PvO6DgKZPo42E=
-135,30,sXN1FTRU0eUv8p4aFGESi1PFTuA=,9C0VosHiWU2nG4PvO6DgKZPo42E=
-136,30,sXN1FTRU0eUv8p4aFGESi1PFTuA=,9C0VosHiWU2nG4PvO6DgKZPo42E=
-138,30,sXN1FTRU0eUv8p4aFGESi1PFTuA=,9C0VosHiWU2nG4PvO6DgKZPo42E=
-139,30,sXN1FTRU0eUv8p4aFGESi1PFTuA=,9C0VosHiWU2nG4PvO6DgKZPo42E=
-140,30,sXN1FTRU0eUv8p4aFGESi1PFTuA=,9C0VosHiWU2nG4PvO6DgKZPo42E=
-141,30,sXN1FTRU0eUv8p4aFGESi1PFTuA=,9C0VosHiWU2nG4PvO6DgKZPo42E=
-142,30,sXN1FTRU0eUv8p4aFGESi1PFTuA=,9C0VosHiWU2nG4PvO6DgKZPo42E=
-143,17,sXN1FTRU0eUv8p4aFGESi1PFTuA=,9C0VosHiWU2nG4PvO6DgKZPo42E=
-135,19,sXN1FTRU0eUv8p4aFGESi1PFTuA=,9C0VosHiWU2nG4PvO6DgKZPo42E=
-144,17,sXN1FTRU0eUv8p4aFGESi1PFTuA=,9C0VosHiWU2nG4PvO6DgKZPo42E=
-143,30,sXN1FTRU0eUv8p4aFGESi1PFTuA=,9C0VosHiWU2nG4PvO6DgKZPo42E=
-137,30,sXN1FTRU0eUv8p4aFGESi1PFTuA=,9C0VosHiWU2nG4PvO6DgKZPo42E=
-129,29,sXN1FTRU0eUv8p4aFGESi1PFTuA=,9C0VosHiWU2nG4PvO6DgKZPo42E=
-144,30,sXN1FTRU0eUv8p4aFGESi1PFTuA=,9C0VosHiWU2nG4PvO6DgKZPo42E=
-131,29,sXN1FTRU0eUv8p4aFGESi1PFTuA=,9C0VosHiWU2nG4PvO6DgKZPo42E=
-130,29,sXN1FTRU0eUv8p4aFGESi1PFTuA=,9C0VosHiWU2nG4PvO6DgKZPo42E=
-132,29,sXN1FTRU0eUv8p4aFGESi1PFTuA=,9C0VosHiWU2nG4PvO6DgKZPo42E=
-133,29,sXN1FTRU0eUv8p4aFGESi1PFTuA=,9C0VosHiWU2nG4PvO6DgKZPo42E=
-134,29,sXN1FTRU0eUv8p4aFGESi1PFTuA=,9C0VosHiWU2nG4PvO6DgKZPo42E=
-135,29,sXN1FTRU0eUv8p4aFGESi1PFTuA=,9C0VosHiWU2nG4PvO6DgKZPo42E=
-136,29,sXN1FTRU0eUv8p4aFGESi1PFTuA=,9C0VosHiWU2nG4PvO6DgKZPo42E=
-137,29,sXN1FTRU0eUv8p4aFGESi1PFTuA=,9C0VosHiWU2nG4PvO6DgKZPo42E=
-138,29,sXN1FTRU0eUv8p4aFGESi1PFTuA=,9C0VosHiWU2nG4PvO6DgKZPo42E=
-139,29,sXN1FTRU0eUv8p4aFGESi1PFTuA=,9C0VosHiWU2nG4PvO6DgKZPo42E=
-140,29,sXN1FTRU0eUv8p4aFGESi1PFTuA=,9C0VosHiWU2nG4PvO6DgKZPo42E=
-131,17,sXN1FTRU0eUv8p4aFGESi1PFTuA=,9C0VosHiWU2nG4PvO6DgKZPo42E=
-141,29,sXN1FTRU0eUv8p4aFGESi1PFTuA=,9C0VosHiWU2nG4PvO6DgKZPo42E=
-129,16,sXN1FTRU0eUv8p4aFGESi1PFTuA=,9C0VosHiWU2nG4PvO6DgKZPo42E=
-136,19,sXN1FTRU0eUv8p4aFGESi1PFTuA=,9C0VosHiWU2nG4PvO6DgKZPo42E=
-142,29,sXN1FTRU0eUv8p4aFGESi1PFTuA=,9C0VosHiWU2nG4PvO6DgKZPo42E=
-143,29,sXN1FTRU0eUv8p4aFGESi1PFTuA=,9C0VosHiWU2nG4PvO6DgKZPo42E=
-144,29,sXN1FTRU0eUv8p4aFGESi1PFTuA=,9C0VosHiWU2nG4PvO6DgKZPo42E=
-132,17,sXN1FTRU0eUv8p4aFGESi1PFTuA=,9C0VosHiWU2nG4PvO6DgKZPo42E=
-129,28,sXN1FTRU0eUv8p4aFGESi1PFTuA=,9C0VosHiWU2nG4PvO6DgKZPo42E=
-130,28,sXN1FTRU0eUv8p4aFGESi1PFTuA=,9C0VosHiWU2nG4PvO6DgKZPo42E=
-131,28,sXN1FTRU0eUv8p4aFGESi1PFTuA=,9C0VosHiWU2nG4PvO6DgKZPo42E=
-132,28,sXN1FTRU0eUv8p4aFGESi1PFTuA=,9C0VosHiWU2nG4PvO6DgKZPo42E=
-133,28,sXN1FTRU0eUv8p4aFGESi1PFTuA=,9C0VosHiWU2nG4PvO6DgKZPo42E=
-134,28,sXN1FTRU0eUv8p4aFGESi1PFTuA=,9C0VosHiWU2nG4PvO6DgKZPo42E=
-135,28,sXN1FTRU0eUv8p4aFGESi1PFTuA=,9C0VosHiWU2nG4PvO6DgKZPo42E=
-136,28,sXN1FTRU0eUv8p4aFGESi1PFTuA=,9C0VosHiWU2nG4PvO6DgKZPo42E=
-137,28,sXN1FTRU0eUv8p4aFGESi1PFTuA=,9C0VosHiWU2nG4PvO6DgKZPo42E=
-138,28,sXN1FTRU0eUv8p4aFGESi1PFTuA=,9C0VosHiWU2nG4PvO6DgKZPo42E=
-139,28,sXN1FTRU0eUv8p4aFGESi1PFTuA=,9C0VosHiWU2nG4PvO6DgKZPo42E=
-140,28,sXN1FTRU0eUv8p4aFGESi1PFTuA=,9C0VosHiWU2nG4PvO6DgKZPo42E=
-130,16,sXN1FTRU0eUv8p4aFGESi1PFTuA=,9C0VosHiWU2nG4PvO6DgKZPo42E=
-137,19,sXN1FTRU0eUv8p4aFGESi1PFTuA=,9C0VosHiWU2nG4PvO6DgKZPo42E=
-141,28,sXN1FTRU0eUv8p4aFGESi1PFTuA=,9C0VosHiWU2nG4PvO6DgKZPo42E=
-142,28,sXN1FTRU0eUv8p4aFGESi1PFTuA=,9C0VosHiWU2nG4PvO6DgKZPo42E=
-144,28,sXN1FTRU0eUv8p4aFGESi1PFTuA=,9C0VosHiWU2nG4PvO6DgKZPo42E=
-143,28,sXN1FTRU0eUv8p4aFGESi1PFTuA=,9C0VosHiWU2nG4PvO6DgKZPo42E=
-143,16,sXN1FTRU0eUv8p4aFGESi1PFTuA=,9C0VosHiWU2nG4PvO6DgKZPo42E=
-133,17,sXN1FTRU0eUv8p4aFGESi1PFTuA=,9C0VosHiWU2nG4PvO6DgKZPo42E=
-130,27,sXN1FTRU0eUv8p4aFGESi1PFTuA=,9C0VosHiWU2nG4PvO6DgKZPo42E=
-131,27,sXN1FTRU0eUv8p4aFGESi1PFTuA=,9C0VosHiWU2nG4PvO6DgKZPo42E=
-129,27,sXN1FTRU0eUv8p4aFGESi1PFTuA=,9C0VosHiWU2nG4PvO6DgKZPo42E=
-133,27,sXN1FTRU0eUv8p4aFGESi1PFTuA=,9C0VosHiWU2nG4PvO6DgKZPo42E=
-134,27,sXN1FTRU0eUv8p4aFGESi1PFTuA=,9C0VosHiWU2nG4PvO6DgKZPo42E=
-135,27,sXN1FTRU0eUv8p4aFGESi1PFTuA=,9C0VosHiWU2nG4PvO6DgKZPo42E=
-136,27,sXN1FTRU0eUv8p4aFGESi1PFTuA=,9C0VosHiWU2nG4PvO6DgKZPo42E=
-137,27,sXN1FTRU0eUv8p4aFGESi1PFTuA=,9C0VosHiWU2nG4PvO6DgKZPo42E=
-138,27,sXN1FTRU0eUv8p4aFGESi1PFTuA=,9C0VosHiWU2nG4PvO6DgKZPo42E=
-139,27,sXN1FTRU0eUv8p4aFGESi1PFTuA=,9C0VosHiWU2nG4PvO6DgKZPo42E=
-132,27,sXN1FTRU0eUv8p4aFGESi1PFTuA=,9C0VosHiWU2nG4PvO6DgKZPo42E=
-138,19,sXN1FTRU0eUv8p4aFGESi1PFTuA=,9C0VosHiWU2nG4PvO6DgKZPo42E=
-140,27,sXN1FTRU0eUv8p4aFGESi1PFTuA=,9C0VosHiWU2nG4PvO6DgKZPo42E=
-141,27,sXN1FTRU0eUv8p4aFGESi1PFTuA=,9C0VosHiWU2nG4PvO6DgKZPo42E=
-142,27,sXN1FTRU0eUv8p4aFGESi1PFTuA=,9C0VosHiWU2nG4PvO6DgKZPo42E=
-143,27,sXN1FTRU0eUv8p4aFGESi1PFTuA=,9C0VosHiWU2nG4PvO6DgKZPo42E=
-144,27,sXN1FTRU0eUv8p4aFGESi1PFTuA=,9C0VosHiWU2nG4PvO6DgKZPo42E=
-134,17,sXN1FTRU0eUv8p4aFGESi1PFTuA=,9C0VosHiWU2nG4PvO6DgKZPo42E=
-129,26,sXN1FTRU0eUv8p4aFGESi1PFTuA=,9C0VosHiWU2nG4PvO6DgKZPo42E=
-130,26,sXN1FTRU0eUv8p4aFGESi1PFTuA=,9C0VosHiWU2nG4PvO6DgKZPo42E=
-131,16,sXN1FTRU0eUv8p4aFGESi1PFTuA=,9C0VosHiWU2nG4PvO6DgKZPo42E=
-132,26,sXN1FTRU0eUv8p4aFGESi1PFTuA=,9C0VosHiWU2nG4PvO6DgKZPo42E=
-133,26,sXN1FTRU0eUv8p4aFGESi1PFTuA=,9C0VosHiWU2nG4PvO6DgKZPo42E=
-134,26,sXN1FTRU0eUv8p4aFGESi1PFTuA=,9C0VosHiWU2nG4PvO6DgKZPo42E=
-135,26,sXN1FTRU0eUv8p4aFGESi1PFTuA=,9C0VosHiWU2nG4PvO6DgKZPo42E=
-136,26,sXN1FTRU0eUv8p4aFGESi1PFTuA=,9C0VosHiWU2nG4PvO6DgKZPo42E=
-137,26,sXN1FTRU0eUv8p4aFGESi1PFTuA=,9C0VosHiWU2nG4PvO6DgKZPo42E=
-138,26,sXN1FTRU0eUv8p4aFGESi1PFTuA=,9C0VosHiWU2nG4PvO6DgKZPo42E=
-131,26,sXN1FTRU0eUv8p4aFGESi1PFTuA=,9C0VosHiWU2nG4PvO6DgKZPo42E=
-139,19,sXN1FTRU0eUv8p4aFGESi1PFTuA=,9C0VosHiWU2nG4PvO6DgKZPo42E=
-139,26,sXN1FTRU0eUv8p4aFGESi1PFTuA=,9C0VosHiWU2nG4PvO6DgKZPo42E=
-140,26,sXN1FTRU0eUv8p4aFGESi1PFTuA=,9C0VosHiWU2nG4PvO6DgKZPo42E=
-141,26,sXN1FTRU0eUv8p4aFGESi1PFTuA=,9C0VosHiWU2nG4PvO6DgKZPo42E=
-142,26,sXN1FTRU0eUv8p4aFGESi1PFTuA=,9C0VosHiWU2nG4PvO6DgKZPo42E=
-143,26,sXN1FTRU0eUv8p4aFGESi1PFTuA=,9C0VosHiWU2nG4PvO6DgKZPo42E=
-144,26,sXN1FTRU0eUv8p4aFGESi1PFTuA=,9C0VosHiWU2nG4PvO6DgKZPo42E=
-135,17,sXN1FTRU0eUv8p4aFGESi1PFTuA=,9C0VosHiWU2nG4PvO6DgKZPo42E=
-132,16,sXN1FTRU0eUv8p4aFGESi1PFTuA=,9C0VosHiWU2nG4PvO6DgKZPo42E=
-129,25,sXN1FTRU0eUv8p4aFGESi1PFTuA=,9C0VosHiWU2nG4PvO6DgKZPo42E=
-136,20,sXN1FTRU0eUv8p4aFGESi1PFTuA=,9C0VosHiWU2nG4PvO6DgKZPo42E=
-131,25,sXN1FTRU0eUv8p4aFGESi1PFTuA=,9C0VosHiWU2nG4PvO6DgKZPo42E=
-132,25,sXN1FTRU0eUv8p4aFGESi1PFTuA=,9C0VosHiWU2nG4PvO6DgKZPo42E=
-134,25,sXN1FTRU0eUv8p4aFGESi1PFTuA=,9C0VosHiWU2nG4PvO6DgKZPo42E=
-133,25,sXN1FTRU0eUv8p4aFGESi1PFTuA=,9C0VosHiWU2nG4PvO6DgKZPo42E=
-135,25,sXN1FTRU0eUv8p4aFGESi1PFTuA=,9C0VosHiWU2nG4PvO6DgKZPo42E=
-136,25,sXN1FTRU0eUv8p4aFGESi1PFTuA=,9C0VosHiWU2nG4PvO6DgKZPo42E=
-137,25,sXN1FTRU0eUv8p4aFGESi1PFTuA=,9C0VosHiWU2nG4PvO6DgKZPo42E=
-130,25,sXN1FTRU0eUv8p4aFGESi1PFTuA=,9C0VosHiWU2nG4PvO6DgKZPo42E=
-140,19,sXN1FTRU0eUv8p4aFGESi1PFTuA=,9C0VosHiWU2nG4PvO6DgKZPo42E=
-138,25,sXN1FTRU0eUv8p4aFGESi1PFTuA=,9C0VosHiWU2nG4PvO6DgKZPo42E=
-139,25,sXN1FTRU0eUv8p4aFGESi1PFTuA=,9C0VosHiWU2nG4PvO6DgKZPo42E=
-140,25,sXN1FTRU0eUv8p4aFGESi1PFTuA=,9C0VosHiWU2nG4PvO6DgKZPo42E=
-141,25,sXN1FTRU0eUv8p4aFGESi1PFTuA=,9C0VosHiWU2nG4PvO6DgKZPo42E=
-142,25,sXN1FTRU0eUv8p4aFGESi1PFTuA=,9C0VosHiWU2nG4PvO6DgKZPo42E=
-143,25,sXN1FTRU0eUv8p4aFGESi1PFTuA=,9C0VosHiWU2nG4PvO6DgKZPo42E=
-144,25,sXN1FTRU0eUv8p4aFGESi1PFTuA=,9C0VosHiWU2nG4PvO6DgKZPo42E=
-136,17,sXN1FTRU0eUv8p4aFGESi1PFTuA=,9C0VosHiWU2nG4PvO6DgKZPo42E=
-129,24,sXN1FTRU0eUv8p4aFGESi1PFTuA=,9C0VosHiWU2nG4PvO6DgKZPo42E=
-133,16,sXN1FTRU0eUv8p4aFGESi1PFTuA=,9C0VosHiWU2nG4PvO6DgKZPo42E=
-131,24,sXN1FTRU0eUv8p4aFGESi1PFTuA=,9C0VosHiWU2nG4PvO6DgKZPo42E=
-132,24,sXN1FTRU0eUv8p4aFGESi1PFTuA=,9C0VosHiWU2nG4PvO6DgKZPo42E=
-133,24,sXN1FTRU0eUv8p4aFGESi1PFTuA=,9C0VosHiWU2nG4PvO6DgKZPo42E=
-134,24,sXN1FTRU0eUv8p4aFGESi1PFTuA=,9C0VosHiWU2nG4PvO6DgKZPo42E=
-135,24,sXN1FTRU0eUv8p4aFGESi1PFTuA=,9C0VosHiWU2nG4PvO6DgKZPo42E=
-136,24,sXN1FTRU0eUv8p4aFGESi1PFTuA=,9C0VosHiWU2nG4PvO6DgKZPo42E=
-130,24,sXN1FTRU0eUv8p4aFGESi1PFTuA=,9C0VosHiWU2nG4PvO6DgKZPo42E=
-141,19,sXN1FTRU0eUv8p4aFGESi1PFTuA=,9C0VosHiWU2nG4PvO6DgKZPo42E=
-137,24,sXN1FTRU0eUv8p4aFGESi1PFTuA=,9C0VosHiWU2nG4PvO6DgKZPo42E=
-138,24,sXN1FTRU0eUv8p4aFGESi1PFTuA=,9C0VosHiWU2nG4PvO6DgKZPo42E=
-139,24,sXN1FTRU0eUv8p4aFGESi1PFTuA=,9C0VosHiWU2nG4PvO6DgKZPo42E=
-140,24,sXN1FTRU0eUv8p4aFGESi1PFTuA=,9C0VosHiWU2nG4PvO6DgKZPo42E=
-141,24,sXN1FTRU0eUv8p4aFGESi1PFTuA=,9C0VosHiWU2nG4PvO6DgKZPo42E=
-142,24,sXN1FTRU0eUv8p4aFGESi1PFTuA=,9C0VosHiWU2nG4PvO6DgKZPo42E=
-143,24,sXN1FTRU0eUv8p4aFGESi1PFTuA=,9C0VosHiWU2nG4PvO6DgKZPo42E=
-144,24,sXN1FTRU0eUv8p4aFGESi1PFTuA=,9C0VosHiWU2nG4PvO6DgKZPo42E=
-137,17,sXN1FTRU0eUv8p4aFGESi1PFTuA=,9C0VosHiWU2nG4PvO6DgKZPo42E=
-134,16,sXN1FTRU0eUv8p4aFGESi1PFTuA=,9C0VosHiWU2nG4PvO6DgKZPo42E=
-130,23,sXN1FTRU0eUv8p4aFGESi1PFTuA=,9C0VosHiWU2nG4PvO6DgKZPo42E=
-131,23,sXN1FTRU0eUv8p4aFGESi1PFTuA=,9C0VosHiWU2nG4PvO6DgKZPo42E=
-132,23,sXN1FTRU0eUv8p4aFGESi1PFTuA=,9C0VosHiWU2nG4PvO6DgKZPo42E=
-133,23,sXN1FTRU0eUv8p4aFGESi1PFTuA=,9C0VosHiWU2nG4PvO6DgKZPo42E=
-134,23,sXN1FTRU0eUv8p4aFGESi1PFTuA=,9C0VosHiWU2nG4PvO6DgKZPo42E=
-135,23,sXN1FTRU0eUv8p4aFGESi1PFTuA=,9C0VosHiWU2nG4PvO6DgKZPo42E=
-129,23,sXN1FTRU0eUv8p4aFGESi1PFTuA=,9C0VosHiWU2nG4PvO6DgKZPo42E=
-135,16,sXN1FTRU0eUv8p4aFGESi1PFTuA=,9C0VosHiWU2nG4PvO6DgKZPo42E=
-136,23,sXN1FTRU0eUv8p4aFGESi1PFTuA=,9C0VosHiWU2nG4PvO6DgKZPo42E=
-137,23,sXN1FTRU0eUv8p4aFGESi1PFTuA=,9C0VosHiWU2nG4PvO6DgKZPo42E=
-138,23,sXN1FTRU0eUv8p4aFGESi1PFTuA=,9C0VosHiWU2nG4PvO6DgKZPo42E=
-139,23,sXN1FTRU0eUv8p4aFGESi1PFTuA=,9C0VosHiWU2nG4PvO6DgKZPo42E=
-140,23,sXN1FTRU0eUv8p4aFGESi1PFTuA=,9C0VosHiWU2nG4PvO6DgKZPo42E=
-141,23,sXN1FTRU0eUv8p4aFGESi1PFTuA=,9C0VosHiWU2nG4PvO6DgKZPo42E=
-142,23,sXN1FTRU0eUv8p4aFGESi1PFTuA=,9C0VosHiWU2nG4PvO6DgKZPo42E=
-143,23,sXN1FTRU0eUv8p4aFGESi1PFTuA=,9C0VosHiWU2nG4PvO6DgKZPo42E=
-144,23,sXN1FTRU0eUv8p4aFGESi1PFTuA=,9C0VosHiWU2nG4PvO6DgKZPo42E=
-138,17,sXN1FTRU0eUv8p4aFGESi1PFTuA=,9C0VosHiWU2nG4PvO6DgKZPo42E=
-135,20,sXN1FTRU0eUv8p4aFGESi1PFTuA=,9C0VosHiWU2nG4PvO6DgKZPo42E=
-134,20,sXN1FTRU0eUv8p4aFGESi1PFTuA=,9C0VosHiWU2nG4PvO6DgKZPo42E=
-142,19,sXN1FTRU0eUv8p4aFGESi1PFTuA=,9C0VosHiWU2nG4PvO6DgKZPo42E=
-130,22,sXN1FTRU0eUv8p4aFGESi1PFTuA=,9C0VosHiWU2nG4PvO6DgKZPo42E=
-131,22,sXN1FTRU0eUv8p4aFGESi1PFTuA=,9C0VosHiWU2nG4PvO6DgKZPo42E=
-132,22,sXN1FTRU0eUv8p4aFGESi1PFTuA=,9C0VosHiWU2nG4PvO6DgKZPo42E=
-133,22,sXN1FTRU0eUv8p4aFGESi1PFTuA=,9C0VosHiWU2nG4PvO6DgKZPo42E=
-134,22,sXN1FTRU0eUv8p4aFGESi1PFTuA=,9C0VosHiWU2nG4PvO6DgKZPo42E=
-129,18,sXN1FTRU0eUv8p4aFGESi1PFTuA=,9C0VosHiWU2nG4PvO6DgKZPo42E=
-136,16,sXN1FTRU0eUv8p4aFGESi1PFTuA=,9C0VosHiWU2nG4PvO6DgKZPo42E=
-133,20,sXN1FTRU0eUv8p4aFGESi1PFTuA=,9C0VosHiWU2nG4PvO6DgKZPo42E=
-143,19,sXN1FTRU0eUv8p4aFGESi1PFTuA=,9C0VosHiWU2nG4PvO6DgKZPo42E=
-135,22,sXN1FTRU0eUv8p4aFGESi1PFTuA=,9C0VosHiWU2nG4PvO6DgKZPo42E=
-136,22,sXN1FTRU0eUv8p4aFGESi1PFTuA=,9C0VosHiWU2nG4PvO6DgKZPo42E=
-138,22,sXN1FTRU0eUv8p4aFGESi1PFTuA=,9C0VosHiWU2nG4PvO6DgKZPo42E=
-137,22,sXN1FTRU0eUv8p4aFGESi1PFTuA=,9C0VosHiWU2nG4PvO6DgKZPo42E=
-139,22,sXN1FTRU0eUv8p4aFGESi1PFTuA=,9C0VosHiWU2nG4PvO6DgKZPo42E=
-140,22,sXN1FTRU0eUv8p4aFGESi1PFTuA=,9C0VosHiWU2nG4PvO6DgKZPo42E=
-141,22,sXN1FTRU0eUv8p4aFGESi1PFTuA=,9C0VosHiWU2nG4PvO6DgKZPo42E=
-142,22,sXN1FTRU0eUv8p4aFGESi1PFTuA=,9C0VosHiWU2nG4PvO6DgKZPo42E=
-143,22,sXN1FTRU0eUv8p4aFGESi1PFTuA=,9C0VosHiWU2nG4PvO6DgKZPo42E=
-144,22,sXN1FTRU0eUv8p4aFGESi1PFTuA=,9C0VosHiWU2nG4PvO6DgKZPo42E=
-138,16,sXN1FTRU0eUv8p4aFGESi1PFTuA=,9C0VosHiWU2nG4PvO6DgKZPo42E=
-139,17,sXN1FTRU0eUv8p4aFGESi1PFTuA=,9C0VosHiWU2nG4PvO6DgKZPo42E=
-132,20,sXN1FTRU0eUv8p4aFGESi1PFTuA=,9C0VosHiWU2nG4PvO6DgKZPo42E=
-129,21,sXN1FTRU0eUv8p4aFGESi1PFTuA=,9C0VosHiWU2nG4PvO6DgKZPo42E=
-131,20,sXN1FTRU0eUv8p4aFGESi1PFTuA=,9C0VosHiWU2nG4PvO6DgKZPo42E=
-130,21,sXN1FTRU0eUv8p4aFGESi1PFTuA=,9C0VosHiWU2nG4PvO6DgKZPo42E=
-130,20,sXN1FTRU0eUv8p4aFGESi1PFTuA=,9C0VosHiWU2nG4PvO6DgKZPo42E=
-131,21,sXN1FTRU0eUv8p4aFGESi1PFTuA=,9C0VosHiWU2nG4PvO6DgKZPo42E=
-132,21,sXN1FTRU0eUv8p4aFGESi1PFTuA=,9C0VosHiWU2nG4PvO6DgKZPo42E=
-133,21,sXN1FTRU0eUv8p4aFGESi1PFTuA=,9C0VosHiWU2nG4PvO6DgKZPo42E=
-129,20,sXN1FTRU0eUv8p4aFGESi1PFTuA=,9C0VosHiWU2nG4PvO6DgKZPo42E=
-141,17,sXN1FTRU0eUv8p4aFGESi1PFTuA=,9C0VosHiWU2nG4PvO6DgKZPo42E=
-144,21,sXN1FTRU0eUv8p4aFGESi1PFTuA=,9C0VosHiWU2nG4PvO6DgKZPo42E=
-143,21,sXN1FTRU0eUv8p4aFGESi1PFTuA=,9C0VosHiWU2nG4PvO6DgKZPo42E=
-142,21,sXN1FTRU0eUv8p4aFGESi1PFTuA=,9C0VosHiWU2nG4PvO6DgKZPo42E=
-141,21,sXN1FTRU0eUv8p4aFGESi1PFTuA=,9C0VosHiWU2nG4PvO6DgKZPo42E=
-140,21,sXN1FTRU0eUv8p4aFGESi1PFTuA=,9C0VosHiWU2nG4PvO6DgKZPo42E=
-139,21,sXN1FTRU0eUv8p4aFGESi1PFTuA=,9C0VosHiWU2nG4PvO6DgKZPo42E=
-137,16,sXN1FTRU0eUv8p4aFGESi1PFTuA=,9C0VosHiWU2nG4PvO6DgKZPo42E=
-144,19,sXN1FTRU0eUv8p4aFGESi1PFTuA=,9C0VosHiWU2nG4PvO6DgKZPo42E=
-144,16,sXN1FTRU0eUv8p4aFGESi1PFTuA=,9C0VosHiWU2nG4PvO6DgKZPo42E=
-138,21,sXN1FTRU0eUv8p4aFGESi1PFTuA=,9C0VosHiWU2nG4PvO6DgKZPo42E=
-137,21,sXN1FTRU0eUv8p4aFGESi1PFTuA=,9C0VosHiWU2nG4PvO6DgKZPo42E=
-136,21,sXN1FTRU0eUv8p4aFGESi1PFTuA=,9C0VosHiWU2nG4PvO6DgKZPo42E=
-140,17,sXN1FTRU0eUv8p4aFGESi1PFTuA=,9C0VosHiWU2nG4PvO6DgKZPo42E=
-134,21,sXN1FTRU0eUv8p4aFGESi1PFTuA=,9C0VosHiWU2nG4PvO6DgKZPo42E=
-129,22,sXN1FTRU0eUv8p4aFGESi1PFTuA=,9C0VosHiWU2nG4PvO6DgKZPo42E=
-135,21,sXN1FTRU0eUv8p4aFGESi1PFTuA=,9C0VosHiWU2nG4PvO6DgKZPo42E=
-130,2,y9mDl84axmJUt5CFXJZEXLnlav4=,thwBdUphv29w6c/PSOkvlKNDZPw=
-129,15,SQoMOEXQqALgC3LuJYeOLS1N/Zg=,thwBdUphv29w6c/PSOkvlKNDZPw=
-141,0,SQoMOEXQqALgC3LuJYeOLS1N/Zg=,thwBdUphv29w6c/PSOkvlKNDZPw=
-130,15,SQoMOEXQqALgC3LuJYeOLS1N/Zg=,thwBdUphv29w6c/PSOkvlKNDZPw=
-131,2,SQoMOEXQqALgC3LuJYeOLS1N/Zg=,thwBdUphv29w6c/PSOkvlKNDZPw=
-131,15,SQoMOEXQqALgC3LuJYeOLS1N/Zg=,thwBdUphv29w6c/PSOkvlKNDZPw=
-132,15,SQoMOEXQqALgC3LuJYeOLS1N/Zg=,thwBdUphv29w6c/PSOkvlKNDZPw=
-133,15,SQoMOEXQqALgC3LuJYeOLS1N/Zg=,thwBdUphv29w6c/PSOkvlKNDZPw=
-134,15,SQoMOEXQqALgC3LuJYeOLS1N/Zg=,thwBdUphv29w6c/PSOkvlKNDZPw=
-136,15,SQoMOEXQqALgC3LuJYeOLS1N/Zg=,thwBdUphv29w6c/PSOkvlKNDZPw=
-135,15,SQoMOEXQqALgC3LuJYeOLS1N/Zg=,thwBdUphv29w6c/PSOkvlKNDZPw=
-138,15,SQoMOEXQqALgC3LuJYeOLS1N/Zg=,thwBdUphv29w6c/PSOkvlKNDZPw=
-137,15,SQoMOEXQqALgC3LuJYeOLS1N/Zg=,thwBdUphv29w6c/PSOkvlKNDZPw=
-139,15,SQoMOEXQqALgC3LuJYeOLS1N/Zg=,thwBdUphv29w6c/PSOkvlKNDZPw=
-140,15,SQoMOEXQqALgC3LuJYeOLS1N/Zg=,thwBdUphv29w6c/PSOkvlKNDZPw=
-141,15,SQoMOEXQqALgC3LuJYeOLS1N/Zg=,thwBdUphv29w6c/PSOkvlKNDZPw=
-142,15,SQoMOEXQqALgC3LuJYeOLS1N/Zg=,thwBdUphv29w6c/PSOkvlKNDZPw=
-143,15,SQoMOEXQqALgC3LuJYeOLS1N/Zg=,thwBdUphv29w6c/PSOkvlKNDZPw=
-129,1,SQoMOEXQqALgC3LuJYeOLS1N/Zg=,thwBdUphv29w6c/PSOkvlKNDZPw=
-143,1,SQoMOEXQqALgC3LuJYeOLS1N/Zg=,thwBdUphv29w6c/PSOkvlKNDZPw=
-130,1,SQoMOEXQqALgC3LuJYeOLS1N/Zg=,thwBdUphv29w6c/PSOkvlKNDZPw=
-131,1,SQoMOEXQqALgC3LuJYeOLS1N/Zg=,thwBdUphv29w6c/PSOkvlKNDZPw=
-132,1,SQoMOEXQqALgC3LuJYeOLS1N/Zg=,thwBdUphv29w6c/PSOkvlKNDZPw=
-133,1,SQoMOEXQqALgC3LuJYeOLS1N/Zg=,thwBdUphv29w6c/PSOkvlKNDZPw=
-134,1,SQoMOEXQqALgC3LuJYeOLS1N/Zg=,thwBdUphv29w6c/PSOkvlKNDZPw=
-135,1,SQoMOEXQqALgC3LuJYeOLS1N/Zg=,thwBdUphv29w6c/PSOkvlKNDZPw=
-136,1,SQoMOEXQqALgC3LuJYeOLS1N/Zg=,thwBdUphv29w6c/PSOkvlKNDZPw=
-137,1,SQoMOEXQqALgC3LuJYeOLS1N/Zg=,thwBdUphv29w6c/PSOkvlKNDZPw=
-138,1,SQoMOEXQqALgC3LuJYeOLS1N/Zg=,thwBdUphv29w6c/PSOkvlKNDZPw=
-139,1,SQoMOEXQqALgC3LuJYeOLS1N/Zg=,thwBdUphv29w6c/PSOkvlKNDZPw=
-140,1,SQoMOEXQqALgC3LuJYeOLS1N/Zg=,thwBdUphv29w6c/PSOkvlKNDZPw=
-141,1,SQoMOEXQqALgC3LuJYeOLS1N/Zg=,thwBdUphv29w6c/PSOkvlKNDZPw=
-129,14,SQoMOEXQqALgC3LuJYeOLS1N/Zg=,thwBdUphv29w6c/PSOkvlKNDZPw=
-144,15,SQoMOEXQqALgC3LuJYeOLS1N/Zg=,thwBdUphv29w6c/PSOkvlKNDZPw=
-130,14,SQoMOEXQqALgC3LuJYeOLS1N/Zg=,thwBdUphv29w6c/PSOkvlKNDZPw=
-142,1,SQoMOEXQqALgC3LuJYeOLS1N/Zg=,thwBdUphv29w6c/PSOkvlKNDZPw=
-142,0,SQoMOEXQqALgC3LuJYeOLS1N/Zg=,thwBdUphv29w6c/PSOkvlKNDZPw=
-132,2,SQoMOEXQqALgC3LuJYeOLS1N/Zg=,thwBdUphv29w6c/PSOkvlKNDZPw=
-131,14,SQoMOEXQqALgC3LuJYeOLS1N/Zg=,thwBdUphv29w6c/PSOkvlKNDZPw=
-132,14,SQoMOEXQqALgC3LuJYeOLS1N/Zg=,thwBdUphv29w6c/PSOkvlKNDZPw=
-133,14,SQoMOEXQqALgC3LuJYeOLS1N/Zg=,thwBdUphv29w6c/PSOkvlKNDZPw=
-134,14,SQoMOEXQqALgC3LuJYeOLS1N/Zg=,thwBdUphv29w6c/PSOkvlKNDZPw=
-135,14,SQoMOEXQqALgC3LuJYeOLS1N/Zg=,thwBdUphv29w6c/PSOkvlKNDZPw=
-136,14,SQoMOEXQqALgC3LuJYeOLS1N/Zg=,thwBdUphv29w6c/PSOkvlKNDZPw=
-137,14,SQoMOEXQqALgC3LuJYeOLS1N/Zg=,thwBdUphv29w6c/PSOkvlKNDZPw=
-138,14,SQoMOEXQqALgC3LuJYeOLS1N/Zg=,thwBdUphv29w6c/PSOkvlKNDZPw=
-139,14,SQoMOEXQqALgC3LuJYeOLS1N/Zg=,thwBdUphv29w6c/PSOkvlKNDZPw=
-140,14,SQoMOEXQqALgC3LuJYeOLS1N/Zg=,thwBdUphv29w6c/PSOkvlKNDZPw=
-141,14,SQoMOEXQqALgC3LuJYeOLS1N/Zg=,thwBdUphv29w6c/PSOkvlKNDZPw=
-142,14,SQoMOEXQqALgC3LuJYeOLS1N/Zg=,thwBdUphv29w6c/PSOkvlKNDZPw=
-143,14,SQoMOEXQqALgC3LuJYeOLS1N/Zg=,thwBdUphv29w6c/PSOkvlKNDZPw=
-144,14,SQoMOEXQqALgC3LuJYeOLS1N/Zg=,thwBdUphv29w6c/PSOkvlKNDZPw=
-144,1,SQoMOEXQqALgC3LuJYeOLS1N/Zg=,thwBdUphv29w6c/PSOkvlKNDZPw=
-129,13,SQoMOEXQqALgC3LuJYeOLS1N/Zg=,thwBdUphv29w6c/PSOkvlKNDZPw=
-130,13,SQoMOEXQqALgC3LuJYeOLS1N/Zg=,thwBdUphv29w6c/PSOkvlKNDZPw=
-129,0,SQoMOEXQqALgC3LuJYeOLS1N/Zg=,thwBdUphv29w6c/PSOkvlKNDZPw=
-131,13,SQoMOEXQqALgC3LuJYeOLS1N/Zg=,thwBdUphv29w6c/PSOkvlKNDZPw=
-133,2,SQoMOEXQqALgC3LuJYeOLS1N/Zg=,thwBdUphv29w6c/PSOkvlKNDZPw=
-133,13,SQoMOEXQqALgC3LuJYeOLS1N/Zg=,thwBdUphv29w6c/PSOkvlKNDZPw=
-134,13,SQoMOEXQqALgC3LuJYeOLS1N/Zg=,thwBdUphv29w6c/PSOkvlKNDZPw=
-132,13,SQoMOEXQqALgC3LuJYeOLS1N/Zg=,thwBdUphv29w6c/PSOkvlKNDZPw=
-135,13,SQoMOEXQqALgC3LuJYeOLS1N/Zg=,thwBdUphv29w6c/PSOkvlKNDZPw=
-137,13,SQoMOEXQqALgC3LuJYeOLS1N/Zg=,thwBdUphv29w6c/PSOkvlKNDZPw=
-139,13,SQoMOEXQqALgC3LuJYeOLS1N/Zg=,thwBdUphv29w6c/PSOkvlKNDZPw=
-140,13,SQoMOEXQqALgC3LuJYeOLS1N/Zg=,thwBdUphv29w6c/PSOkvlKNDZPw=
-141,13,SQoMOEXQqALgC3LuJYeOLS1N/Zg=,thwBdUphv29w6c/PSOkvlKNDZPw=
-142,13,SQoMOEXQqALgC3LuJYeOLS1N/Zg=,thwBdUphv29w6c/PSOkvlKNDZPw=
-138,13,SQoMOEXQqALgC3LuJYeOLS1N/Zg=,thwBdUphv29w6c/PSOkvlKNDZPw=
-144,13,SQoMOEXQqALgC3LuJYeOLS1N/Zg=,thwBdUphv29w6c/PSOkvlKNDZPw=
-143,13,SQoMOEXQqALgC3LuJYeOLS1N/Zg=,thwBdUphv29w6c/PSOkvlKNDZPw=
-136,13,SQoMOEXQqALgC3LuJYeOLS1N/Zg=,thwBdUphv29w6c/PSOkvlKNDZPw=
-129,12,SQoMOEXQqALgC3LuJYeOLS1N/Zg=,thwBdUphv29w6c/PSOkvlKNDZPw=
-130,12,SQoMOEXQqALgC3LuJYeOLS1N/Zg=,thwBdUphv29w6c/PSOkvlKNDZPw=
-143,0,SQoMOEXQqALgC3LuJYeOLS1N/Zg=,thwBdUphv29w6c/PSOkvlKNDZPw=
-130,0,SQoMOEXQqALgC3LuJYeOLS1N/Zg=,thwBdUphv29w6c/PSOkvlKNDZPw=
-132,12,SQoMOEXQqALgC3LuJYeOLS1N/Zg=,thwBdUphv29w6c/PSOkvlKNDZPw=
-131,12,SQoMOEXQqALgC3LuJYeOLS1N/Zg=,thwBdUphv29w6c/PSOkvlKNDZPw=
-134,12,SQoMOEXQqALgC3LuJYeOLS1N/Zg=,thwBdUphv29w6c/PSOkvlKNDZPw=
-133,12,SQoMOEXQqALgC3LuJYeOLS1N/Zg=,thwBdUphv29w6c/PSOkvlKNDZPw=
-135,12,SQoMOEXQqALgC3LuJYeOLS1N/Zg=,thwBdUphv29w6c/PSOkvlKNDZPw=
-136,12,SQoMOEXQqALgC3LuJYeOLS1N/Zg=,thwBdUphv29w6c/PSOkvlKNDZPw=
-137,12,SQoMOEXQqALgC3LuJYeOLS1N/Zg=,thwBdUphv29w6c/PSOkvlKNDZPw=
-138,12,SQoMOEXQqALgC3LuJYeOLS1N/Zg=,thwBdUphv29w6c/PSOkvlKNDZPw=
-140,12,SQoMOEXQqALgC3LuJYeOLS1N/Zg=,thwBdUphv29w6c/PSOkvlKNDZPw=
-141,12,SQoMOEXQqALgC3LuJYeOLS1N/Zg=,thwBdUphv29w6c/PSOkvlKNDZPw=
-142,12,SQoMOEXQqALgC3LuJYeOLS1N/Zg=,thwBdUphv29w6c/PSOkvlKNDZPw=
-144,12,SQoMOEXQqALgC3LuJYeOLS1N/Zg=,thwBdUphv29w6c/PSOkvlKNDZPw=
-143,12,SQoMOEXQqALgC3LuJYeOLS1N/Zg=,thwBdUphv29w6c/PSOkvlKNDZPw=
-134,2,SQoMOEXQqALgC3LuJYeOLS1N/Zg=,thwBdUphv29w6c/PSOkvlKNDZPw=
-139,12,SQoMOEXQqALgC3LuJYeOLS1N/Zg=,thwBdUphv29w6c/PSOkvlKNDZPw=
-129,11,SQoMOEXQqALgC3LuJYeOLS1N/Zg=,thwBdUphv29w6c/PSOkvlKNDZPw=
-131,11,SQoMOEXQqALgC3LuJYeOLS1N/Zg=,thwBdUphv29w6c/PSOkvlKNDZPw=
-130,11,SQoMOEXQqALgC3LuJYeOLS1N/Zg=,thwBdUphv29w6c/PSOkvlKNDZPw=
-133,11,SQoMOEXQqALgC3LuJYeOLS1N/Zg=,thwBdUphv29w6c/PSOkvlKNDZPw=
-132,11,SQoMOEXQqALgC3LuJYeOLS1N/Zg=,thwBdUphv29w6c/PSOkvlKNDZPw=
-135,11,SQoMOEXQqALgC3LuJYeOLS1N/Zg=,thwBdUphv29w6c/PSOkvlKNDZPw=
-134,11,SQoMOEXQqALgC3LuJYeOLS1N/Zg=,thwBdUphv29w6c/PSOkvlKNDZPw=
-136,11,SQoMOEXQqALgC3LuJYeOLS1N/Zg=,thwBdUphv29w6c/PSOkvlKNDZPw=
-137,11,SQoMOEXQqALgC3LuJYeOLS1N/Zg=,thwBdUphv29w6c/PSOkvlKNDZPw=
-138,11,SQoMOEXQqALgC3LuJYeOLS1N/Zg=,thwBdUphv29w6c/PSOkvlKNDZPw=
-139,11,SQoMOEXQqALgC3LuJYeOLS1N/Zg=,thwBdUphv29w6c/PSOkvlKNDZPw=
-140,11,SQoMOEXQqALgC3LuJYeOLS1N/Zg=,thwBdUphv29w6c/PSOkvlKNDZPw=
-141,11,SQoMOEXQqALgC3LuJYeOLS1N/Zg=,thwBdUphv29w6c/PSOkvlKNDZPw=
-142,11,SQoMOEXQqALgC3LuJYeOLS1N/Zg=,thwBdUphv29w6c/PSOkvlKNDZPw=
-143,11,SQoMOEXQqALgC3LuJYeOLS1N/Zg=,thwBdUphv29w6c/PSOkvlKNDZPw=
-144,11,SQoMOEXQqALgC3LuJYeOLS1N/Zg=,thwBdUphv29w6c/PSOkvlKNDZPw=
-131,0,SQoMOEXQqALgC3LuJYeOLS1N/Zg=,thwBdUphv29w6c/PSOkvlKNDZPw=
-135,2,SQoMOEXQqALgC3LuJYeOLS1N/Zg=,thwBdUphv29w6c/PSOkvlKNDZPw=
-129,10,SQoMOEXQqALgC3LuJYeOLS1N/Zg=,thwBdUphv29w6c/PSOkvlKNDZPw=
-130,10,SQoMOEXQqALgC3LuJYeOLS1N/Zg=,thwBdUphv29w6c/PSOkvlKNDZPw=
-131,10,SQoMOEXQqALgC3LuJYeOLS1N/Zg=,thwBdUphv29w6c/PSOkvlKNDZPw=
-133,10,SQoMOEXQqALgC3LuJYeOLS1N/Zg=,thwBdUphv29w6c/PSOkvlKNDZPw=
-132,10,SQoMOEXQqALgC3LuJYeOLS1N/Zg=,thwBdUphv29w6c/PSOkvlKNDZPw=
-132,0,SQoMOEXQqALgC3LuJYeOLS1N/Zg=,thwBdUphv29w6c/PSOkvlKNDZPw=
-134,10,SQoMOEXQqALgC3LuJYeOLS1N/Zg=,thwBdUphv29w6c/PSOkvlKNDZPw=
-135,10,SQoMOEXQqALgC3LuJYeOLS1N/Zg=,thwBdUphv29w6c/PSOkvlKNDZPw=
-136,2,SQoMOEXQqALgC3LuJYeOLS1N/Zg=,thwBdUphv29w6c/PSOkvlKNDZPw=
-138,10,SQoMOEXQqALgC3LuJYeOLS1N/Zg=,thwBdUphv29w6c/PSOkvlKNDZPw=
-137,10,SQoMOEXQqALgC3LuJYeOLS1N/Zg=,thwBdUphv29w6c/PSOkvlKNDZPw=
-139,10,SQoMOEXQqALgC3LuJYeOLS1N/Zg=,thwBdUphv29w6c/PSOkvlKNDZPw=
-141,10,SQoMOEXQqALgC3LuJYeOLS1N/Zg=,thwBdUphv29w6c/PSOkvlKNDZPw=
-142,10,SQoMOEXQqALgC3LuJYeOLS1N/Zg=,thwBdUphv29w6c/PSOkvlKNDZPw=
-136,10,SQoMOEXQqALgC3LuJYeOLS1N/Zg=,thwBdUphv29w6c/PSOkvlKNDZPw=
-144,10,SQoMOEXQqALgC3LuJYeOLS1N/Zg=,thwBdUphv29w6c/PSOkvlKNDZPw=
-140,10,SQoMOEXQqALgC3LuJYeOLS1N/Zg=,thwBdUphv29w6c/PSOkvlKNDZPw=
-143,10,SQoMOEXQqALgC3LuJYeOLS1N/Zg=,thwBdUphv29w6c/PSOkvlKNDZPw=
-129,9,SQoMOEXQqALgC3LuJYeOLS1N/Zg=,thwBdUphv29w6c/PSOkvlKNDZPw=
-131,9,SQoMOEXQqALgC3LuJYeOLS1N/Zg=,thwBdUphv29w6c/PSOkvlKNDZPw=
-130,9,SQoMOEXQqALgC3LuJYeOLS1N/Zg=,thwBdUphv29w6c/PSOkvlKNDZPw=
-132,9,SQoMOEXQqALgC3LuJYeOLS1N/Zg=,thwBdUphv29w6c/PSOkvlKNDZPw=
-133,9,SQoMOEXQqALgC3LuJYeOLS1N/Zg=,thwBdUphv29w6c/PSOkvlKNDZPw=
-134,9,SQoMOEXQqALgC3LuJYeOLS1N/Zg=,thwBdUphv29w6c/PSOkvlKNDZPw=
-133,0,SQoMOEXQqALgC3LuJYeOLS1N/Zg=,thwBdUphv29w6c/PSOkvlKNDZPw=
-137,2,SQoMOEXQqALgC3LuJYeOLS1N/Zg=,thwBdUphv29w6c/PSOkvlKNDZPw=
-135,9,SQoMOEXQqALgC3LuJYeOLS1N/Zg=,thwBdUphv29w6c/PSOkvlKNDZPw=
-136,9,SQoMOEXQqALgC3LuJYeOLS1N/Zg=,thwBdUphv29w6c/PSOkvlKNDZPw=
-139,9,SQoMOEXQqALgC3LuJYeOLS1N/Zg=,thwBdUphv29w6c/PSOkvlKNDZPw=
-140,9,SQoMOEXQqALgC3LuJYeOLS1N/Zg=,thwBdUphv29w6c/PSOkvlKNDZPw=
-141,9,SQoMOEXQqALgC3LuJYeOLS1N/Zg=,thwBdUphv29w6c/PSOkvlKNDZPw=
-142,9,SQoMOEXQqALgC3LuJYeOLS1N/Zg=,thwBdUphv29w6c/PSOkvlKNDZPw=
-143,9,SQoMOEXQqALgC3LuJYeOLS1N/Zg=,thwBdUphv29w6c/PSOkvlKNDZPw=
-144,9,SQoMOEXQqALgC3LuJYeOLS1N/Zg=,thwBdUphv29w6c/PSOkvlKNDZPw=
-138,9,SQoMOEXQqALgC3LuJYeOLS1N/Zg=,thwBdUphv29w6c/PSOkvlKNDZPw=
-137,9,SQoMOEXQqALgC3LuJYeOLS1N/Zg=,thwBdUphv29w6c/PSOkvlKNDZPw=
-129,8,SQoMOEXQqALgC3LuJYeOLS1N/Zg=,thwBdUphv29w6c/PSOkvlKNDZPw=
-130,8,SQoMOEXQqALgC3LuJYeOLS1N/Zg=,thwBdUphv29w6c/PSOkvlKNDZPw=
-131,8,SQoMOEXQqALgC3LuJYeOLS1N/Zg=,thwBdUphv29w6c/PSOkvlKNDZPw=
-132,8,SQoMOEXQqALgC3LuJYeOLS1N/Zg=,thwBdUphv29w6c/PSOkvlKNDZPw=
-133,8,SQoMOEXQqALgC3LuJYeOLS1N/Zg=,thwBdUphv29w6c/PSOkvlKNDZPw=
-134,8,SQoMOEXQqALgC3LuJYeOLS1N/Zg=,thwBdUphv29w6c/PSOkvlKNDZPw=
-135,8,SQoMOEXQqALgC3LuJYeOLS1N/Zg=,thwBdUphv29w6c/PSOkvlKNDZPw=
-138,2,SQoMOEXQqALgC3LuJYeOLS1N/Zg=,thwBdUphv29w6c/PSOkvlKNDZPw=
-136,8,SQoMOEXQqALgC3LuJYeOLS1N/Zg=,thwBdUphv29w6c/PSOkvlKNDZPw=
-138,8,SQoMOEXQqALgC3LuJYeOLS1N/Zg=,thwBdUphv29w6c/PSOkvlKNDZPw=
-139,8,SQoMOEXQqALgC3LuJYeOLS1N/Zg=,thwBdUphv29w6c/PSOkvlKNDZPw=
-140,8,SQoMOEXQqALgC3LuJYeOLS1N/Zg=,thwBdUphv29w6c/PSOkvlKNDZPw=
-141,8,SQoMOEXQqALgC3LuJYeOLS1N/Zg=,thwBdUphv29w6c/PSOkvlKNDZPw=
-142,8,SQoMOEXQqALgC3LuJYeOLS1N/Zg=,thwBdUphv29w6c/PSOkvlKNDZPw=
-143,8,SQoMOEXQqALgC3LuJYeOLS1N/Zg=,thwBdUphv29w6c/PSOkvlKNDZPw=
-144,8,SQoMOEXQqALgC3LuJYeOLS1N/Zg=,thwBdUphv29w6c/PSOkvlKNDZPw=
-129,7,SQoMOEXQqALgC3LuJYeOLS1N/Zg=,thwBdUphv29w6c/PSOkvlKNDZPw=
-130,7,SQoMOEXQqALgC3LuJYeOLS1N/Zg=,thwBdUphv29w6c/PSOkvlKNDZPw=
-137,8,SQoMOEXQqALgC3LuJYeOLS1N/Zg=,thwBdUphv29w6c/PSOkvlKNDZPw=
-131,7,SQoMOEXQqALgC3LuJYeOLS1N/Zg=,thwBdUphv29w6c/PSOkvlKNDZPw=
-134,0,SQoMOEXQqALgC3LuJYeOLS1N/Zg=,thwBdUphv29w6c/PSOkvlKNDZPw=
-133,7,SQoMOEXQqALgC3LuJYeOLS1N/Zg=,thwBdUphv29w6c/PSOkvlKNDZPw=
-132,7,SQoMOEXQqALgC3LuJYeOLS1N/Zg=,thwBdUphv29w6c/PSOkvlKNDZPw=
-135,7,SQoMOEXQqALgC3LuJYeOLS1N/Zg=,thwBdUphv29w6c/PSOkvlKNDZPw=
-134,7,SQoMOEXQqALgC3LuJYeOLS1N/Zg=,thwBdUphv29w6c/PSOkvlKNDZPw=
-135,0,SQoMOEXQqALgC3LuJYeOLS1N/Zg=,thwBdUphv29w6c/PSOkvlKNDZPw=
-136,7,SQoMOEXQqALgC3LuJYeOLS1N/Zg=,thwBdUphv29w6c/PSOkvlKNDZPw=
-137,7,SQoMOEXQqALgC3LuJYeOLS1N/Zg=,thwBdUphv29w6c/PSOkvlKNDZPw=
-138,7,SQoMOEXQqALgC3LuJYeOLS1N/Zg=,thwBdUphv29w6c/PSOkvlKNDZPw=
-139,2,SQoMOEXQqALgC3LuJYeOLS1N/Zg=,thwBdUphv29w6c/PSOkvlKNDZPw=
-141,7,SQoMOEXQqALgC3LuJYeOLS1N/Zg=,thwBdUphv29w6c/PSOkvlKNDZPw=
-139,7,SQoMOEXQqALgC3LuJYeOLS1N/Zg=,thwBdUphv29w6c/PSOkvlKNDZPw=
-140,7,SQoMOEXQqALgC3LuJYeOLS1N/Zg=,thwBdUphv29w6c/PSOkvlKNDZPw=
-142,7,SQoMOEXQqALgC3LuJYeOLS1N/Zg=,thwBdUphv29w6c/PSOkvlKNDZPw=
-143,7,SQoMOEXQqALgC3LuJYeOLS1N/Zg=,thwBdUphv29w6c/PSOkvlKNDZPw=
-144,7,SQoMOEXQqALgC3LuJYeOLS1N/Zg=,thwBdUphv29w6c/PSOkvlKNDZPw=
-129,6,SQoMOEXQqALgC3LuJYeOLS1N/Zg=,thwBdUphv29w6c/PSOkvlKNDZPw=
-130,6,SQoMOEXQqALgC3LuJYeOLS1N/Zg=,thwBdUphv29w6c/PSOkvlKNDZPw=
-131,6,SQoMOEXQqALgC3LuJYeOLS1N/Zg=,thwBdUphv29w6c/PSOkvlKNDZPw=
-132,6,SQoMOEXQqALgC3LuJYeOLS1N/Zg=,thwBdUphv29w6c/PSOkvlKNDZPw=
-133,6,SQoMOEXQqALgC3LuJYeOLS1N/Zg=,thwBdUphv29w6c/PSOkvlKNDZPw=
-134,6,SQoMOEXQqALgC3LuJYeOLS1N/Zg=,thwBdUphv29w6c/PSOkvlKNDZPw=
-135,6,SQoMOEXQqALgC3LuJYeOLS1N/Zg=,thwBdUphv29w6c/PSOkvlKNDZPw=
-136,6,SQoMOEXQqALgC3LuJYeOLS1N/Zg=,thwBdUphv29w6c/PSOkvlKNDZPw=
-137,6,SQoMOEXQqALgC3LuJYeOLS1N/Zg=,thwBdUphv29w6c/PSOkvlKNDZPw=
-136,0,SQoMOEXQqALgC3LuJYeOLS1N/Zg=,thwBdUphv29w6c/PSOkvlKNDZPw=
-138,6,SQoMOEXQqALgC3LuJYeOLS1N/Zg=,thwBdUphv29w6c/PSOkvlKNDZPw=
-140,2,SQoMOEXQqALgC3LuJYeOLS1N/Zg=,thwBdUphv29w6c/PSOkvlKNDZPw=
-139,6,SQoMOEXQqALgC3LuJYeOLS1N/Zg=,thwBdUphv29w6c/PSOkvlKNDZPw=
-140,6,SQoMOEXQqALgC3LuJYeOLS1N/Zg=,thwBdUphv29w6c/PSOkvlKNDZPw=
-141,6,SQoMOEXQqALgC3LuJYeOLS1N/Zg=,thwBdUphv29w6c/PSOkvlKNDZPw=
-142,6,SQoMOEXQqALgC3LuJYeOLS1N/Zg=,thwBdUphv29w6c/PSOkvlKNDZPw=
-143,6,SQoMOEXQqALgC3LuJYeOLS1N/Zg=,thwBdUphv29w6c/PSOkvlKNDZPw=
-129,5,SQoMOEXQqALgC3LuJYeOLS1N/Zg=,thwBdUphv29w6c/PSOkvlKNDZPw=
-144,6,SQoMOEXQqALgC3LuJYeOLS1N/Zg=,thwBdUphv29w6c/PSOkvlKNDZPw=
-130,5,SQoMOEXQqALgC3LuJYeOLS1N/Zg=,thwBdUphv29w6c/PSOkvlKNDZPw=
-131,5,SQoMOEXQqALgC3LuJYeOLS1N/Zg=,thwBdUphv29w6c/PSOkvlKNDZPw=
-132,5,SQoMOEXQqALgC3LuJYeOLS1N/Zg=,thwBdUphv29w6c/PSOkvlKNDZPw=
-133,5,SQoMOEXQqALgC3LuJYeOLS1N/Zg=,thwBdUphv29w6c/PSOkvlKNDZPw=
-134,5,SQoMOEXQqALgC3LuJYeOLS1N/Zg=,thwBdUphv29w6c/PSOkvlKNDZPw=
-135,5,SQoMOEXQqALgC3LuJYeOLS1N/Zg=,thwBdUphv29w6c/PSOkvlKNDZPw=
-136,5,SQoMOEXQqALgC3LuJYeOLS1N/Zg=,thwBdUphv29w6c/PSOkvlKNDZPw=
-137,0,SQoMOEXQqALgC3LuJYeOLS1N/Zg=,thwBdUphv29w6c/PSOkvlKNDZPw=
-137,5,SQoMOEXQqALgC3LuJYeOLS1N/Zg=,thwBdUphv29w6c/PSOkvlKNDZPw=
-138,5,SQoMOEXQqALgC3LuJYeOLS1N/Zg=,thwBdUphv29w6c/PSOkvlKNDZPw=
-139,5,SQoMOEXQqALgC3LuJYeOLS1N/Zg=,thwBdUphv29w6c/PSOkvlKNDZPw=
-141,2,SQoMOEXQqALgC3LuJYeOLS1N/Zg=,thwBdUphv29w6c/PSOkvlKNDZPw=
-140,5,SQoMOEXQqALgC3LuJYeOLS1N/Zg=,thwBdUphv29w6c/PSOkvlKNDZPw=
-141,5,SQoMOEXQqALgC3LuJYeOLS1N/Zg=,thwBdUphv29w6c/PSOkvlKNDZPw=
-142,5,SQoMOEXQqALgC3LuJYeOLS1N/Zg=,thwBdUphv29w6c/PSOkvlKNDZPw=
-143,5,SQoMOEXQqALgC3LuJYeOLS1N/Zg=,thwBdUphv29w6c/PSOkvlKNDZPw=
-144,5,SQoMOEXQqALgC3LuJYeOLS1N/Zg=,thwBdUphv29w6c/PSOkvlKNDZPw=
-138,0,SQoMOEXQqALgC3LuJYeOLS1N/Zg=,thwBdUphv29w6c/PSOkvlKNDZPw=
-129,4,SQoMOEXQqALgC3LuJYeOLS1N/Zg=,thwBdUphv29w6c/PSOkvlKNDZPw=
-130,4,SQoMOEXQqALgC3LuJYeOLS1N/Zg=,thwBdUphv29w6c/PSOkvlKNDZPw=
-131,4,SQoMOEXQqALgC3LuJYeOLS1N/Zg=,thwBdUphv29w6c/PSOkvlKNDZPw=
-132,4,SQoMOEXQqALgC3LuJYeOLS1N/Zg=,thwBdUphv29w6c/PSOkvlKNDZPw=
-133,4,SQoMOEXQqALgC3LuJYeOLS1N/Zg=,thwBdUphv29w6c/PSOkvlKNDZPw=
-134,4,SQoMOEXQqALgC3LuJYeOLS1N/Zg=,thwBdUphv29w6c/PSOkvlKNDZPw=
-144,0,SQoMOEXQqALgC3LuJYeOLS1N/Zg=,thwBdUphv29w6c/PSOkvlKNDZPw=
-135,4,SQoMOEXQqALgC3LuJYeOLS1N/Zg=,thwBdUphv29w6c/PSOkvlKNDZPw=
-136,4,SQoMOEXQqALgC3LuJYeOLS1N/Zg=,thwBdUphv29w6c/PSOkvlKNDZPw=
-138,4,SQoMOEXQqALgC3LuJYeOLS1N/Zg=,thwBdUphv29w6c/PSOkvlKNDZPw=
-137,4,SQoMOEXQqALgC3LuJYeOLS1N/Zg=,thwBdUphv29w6c/PSOkvlKNDZPw=
-139,0,SQoMOEXQqALgC3LuJYeOLS1N/Zg=,thwBdUphv29w6c/PSOkvlKNDZPw=
-139,4,SQoMOEXQqALgC3LuJYeOLS1N/Zg=,thwBdUphv29w6c/PSOkvlKNDZPw=
-140,4,SQoMOEXQqALgC3LuJYeOLS1N/Zg=,thwBdUphv29w6c/PSOkvlKNDZPw=
-142,2,SQoMOEXQqALgC3LuJYeOLS1N/Zg=,thwBdUphv29w6c/PSOkvlKNDZPw=
-141,4,SQoMOEXQqALgC3LuJYeOLS1N/Zg=,thwBdUphv29w6c/PSOkvlKNDZPw=
-143,4,SQoMOEXQqALgC3LuJYeOLS1N/Zg=,thwBdUphv29w6c/PSOkvlKNDZPw=
-144,4,SQoMOEXQqALgC3LuJYeOLS1N/Zg=,thwBdUphv29w6c/PSOkvlKNDZPw=
-129,3,SQoMOEXQqALgC3LuJYeOLS1N/Zg=,thwBdUphv29w6c/PSOkvlKNDZPw=
-143,2,SQoMOEXQqALgC3LuJYeOLS1N/Zg=,thwBdUphv29w6c/PSOkvlKNDZPw=
-130,3,SQoMOEXQqALgC3LuJYeOLS1N/Zg=,thwBdUphv29w6c/PSOkvlKNDZPw=
-131,3,SQoMOEXQqALgC3LuJYeOLS1N/Zg=,thwBdUphv29w6c/PSOkvlKNDZPw=
-132,3,SQoMOEXQqALgC3LuJYeOLS1N/Zg=,thwBdUphv29w6c/PSOkvlKNDZPw=
-133,3,SQoMOEXQqALgC3LuJYeOLS1N/Zg=,thwBdUphv29w6c/PSOkvlKNDZPw=
-134,3,SQoMOEXQqALgC3LuJYeOLS1N/Zg=,thwBdUphv29w6c/PSOkvlKNDZPw=
-135,3,SQoMOEXQqALgC3LuJYeOLS1N/Zg=,thwBdUphv29w6c/PSOkvlKNDZPw=
-136,3,SQoMOEXQqALgC3LuJYeOLS1N/Zg=,thwBdUphv29w6c/PSOkvlKNDZPw=
-137,3,SQoMOEXQqALgC3LuJYeOLS1N/Zg=,thwBdUphv29w6c/PSOkvlKNDZPw=
-138,3,SQoMOEXQqALgC3LuJYeOLS1N/Zg=,thwBdUphv29w6c/PSOkvlKNDZPw=
-139,3,SQoMOEXQqALgC3LuJYeOLS1N/Zg=,thwBdUphv29w6c/PSOkvlKNDZPw=
-140,0,SQoMOEXQqALgC3LuJYeOLS1N/Zg=,thwBdUphv29w6c/PSOkvlKNDZPw=
-142,4,SQoMOEXQqALgC3LuJYeOLS1N/Zg=,thwBdUphv29w6c/PSOkvlKNDZPw=
-144,2,SQoMOEXQqALgC3LuJYeOLS1N/Zg=,thwBdUphv29w6c/PSOkvlKNDZPw=
-140,3,SQoMOEXQqALgC3LuJYeOLS1N/Zg=,thwBdUphv29w6c/PSOkvlKNDZPw=
-141,3,SQoMOEXQqALgC3LuJYeOLS1N/Zg=,thwBdUphv29w6c/PSOkvlKNDZPw=
-142,3,SQoMOEXQqALgC3LuJYeOLS1N/Zg=,thwBdUphv29w6c/PSOkvlKNDZPw=
-143,3,SQoMOEXQqALgC3LuJYeOLS1N/Zg=,thwBdUphv29w6c/PSOkvlKNDZPw=
-129,2,SQoMOEXQqALgC3LuJYeOLS1N/Zg=,thwBdUphv29w6c/PSOkvlKNDZPw=
-144,3,SQoMOEXQqALgC3LuJYeOLS1N/Zg=,thwBdUphv29w6c/PSOkvlKNDZPw=
