14,-209,jMl5W0xtsnN1habfoFWdG5rCbrI=,PXQ253/CKp9/DiTgALKdzXH1zro=
15,-209,i6weHKVgk2Hr9Rl3pOwwEjJV6zk=,PXQ253/CKp9/DiTgALKdzXH1zro=
13,-222,i6weHKVgk2Hr9Rl3pOwwEjJV6zk=,PXQ253/CKp9/DiTgALKdzXH1zro=
13,-209,i6weHKVgk2Hr9Rl3pOwwEjJV6zk=,PXQ253/CKp9/DiTgALKdzXH1zro=
12,-209,i6weHKVgk2Hr9Rl3pOwwEjJV6zk=,PXQ253/CKp9/DiTgALKdzXH1zro=
11,-209,i6weHKVgk2Hr9Rl3pOwwEjJV6zk=,PXQ253/CKp9/DiTgALKdzXH1zro=
10,-209,i6weHKVgk2Hr9Rl3pOwwEjJV6zk=,PXQ253/CKp9/DiTgALKdzXH1zro=
9,-209,i6weHKVgk2Hr9Rl3pOwwEjJV6zk=,PXQ253/CKp9/DiTgALKdzXH1zro=
8,-209,i6weHKVgk2Hr9Rl3pOwwEjJV6zk=,PXQ253/CKp9/DiTgALKdzXH1zro=
14,-222,i6weHKVgk2Hr9Rl3pOwwEjJV6zk=,PXQ253/CKp9/DiTgALKdzXH1zro=
7,-209,i6weHKVgk2Hr9Rl3pOwwEjJV6zk=,PXQ253/CKp9/DiTgALKdzXH1zro=
15,-222,i6weHKVgk2Hr9Rl3pOwwEjJV6zk=,PXQ253/CKp9/DiTgALKdzXH1zro=
6,-209,i6weHKVgk2Hr9Rl3pOwwEjJV6zk=,PXQ253/CKp9/DiTgALKdzXH1zro=
3,-224,i6weHKVgk2Hr9Rl3pOwwEjJV6zk=,PXQ253/CKp9/DiTgALKdzXH1zro=
0,-221,i6weHKVgk2Hr9Rl3pOwwEjJV6zk=,PXQ253/CKp9/DiTgALKdzXH1zro=
5,-209,i6weHKVgk2Hr9Rl3pOwwEjJV6zk=,PXQ253/CKp9/DiTgALKdzXH1zro=
1,-221,i6weHKVgk2Hr9Rl3pOwwEjJV6zk=,PXQ253/CKp9/DiTgALKdzXH1zro=
3,-209,i6weHKVgk2Hr9Rl3pOwwEjJV6zk=,PXQ253/CKp9/DiTgALKdzXH1zro=
2,-209,i6weHKVgk2Hr9Rl3pOwwEjJV6zk=,PXQ253/CKp9/DiTgALKdzXH1zro=
4,-209,i6weHKVgk2Hr9Rl3pOwwEjJV6zk=,PXQ253/CKp9/DiTgALKdzXH1zro=
15,-223,i6weHKVgk2Hr9Rl3pOwwEjJV6zk=,PXQ253/CKp9/DiTgALKdzXH1zro=
1,-209,i6weHKVgk2Hr9Rl3pOwwEjJV6zk=,PXQ253/CKp9/DiTgALKdzXH1zro=
14,-223,i6weHKVgk2Hr9Rl3pOwwEjJV6zk=,PXQ253/CKp9/DiTgALKdzXH1zro=
13,-223,i6weHKVgk2Hr9Rl3pOwwEjJV6zk=,PXQ253/CKp9/DiTgALKdzXH1zro=
12,-223,i6weHKVgk2Hr9Rl3pOwwEjJV6zk=,PXQ253/CKp9/DiTgALKdzXH1zro=
11,-223,i6weHKVgk2Hr9Rl3pOwwEjJV6zk=,PXQ253/CKp9/DiTgALKdzXH1zro=
10,-223,i6weHKVgk2Hr9Rl3pOwwEjJV6zk=,PXQ253/CKp9/DiTgALKdzXH1zro=
9,-223,i6weHKVgk2Hr9Rl3pOwwEjJV6zk=,PXQ253/CKp9/DiTgALKdzXH1zro=
8,-223,i6weHKVgk2Hr9Rl3pOwwEjJV6zk=,PXQ253/CKp9/DiTgALKdzXH1zro=
7,-223,i6weHKVgk2Hr9Rl3pOwwEjJV6zk=,PXQ253/CKp9/DiTgALKdzXH1zro=
2,-221,i6weHKVgk2Hr9Rl3pOwwEjJV6zk=,PXQ253/CKp9/DiTgALKdzXH1zro=
6,-223,i6weHKVgk2Hr9Rl3pOwwEjJV6zk=,PXQ253/CKp9/DiTgALKdzXH1zro=
1,-223,i6weHKVgk2Hr9Rl3pOwwEjJV6zk=,PXQ253/CKp9/DiTgALKdzXH1zro=
5,-223,i6weHKVgk2Hr9Rl3pOwwEjJV6zk=,PXQ253/CKp9/DiTgALKdzXH1zro=
3,-221,i6weHKVgk2Hr9Rl3pOwwEjJV6zk=,PXQ253/CKp9/DiTgALKdzXH1zro=
4,-223,i6weHKVgk2Hr9Rl3pOwwEjJV6zk=,PXQ253/CKp9/DiTgALKdzXH1zro=
0,-209,i6weHKVgk2Hr9Rl3pOwwEjJV6zk=,PXQ253/CKp9/DiTgALKdzXH1zro=
15,-210,i6weHKVgk2Hr9Rl3pOwwEjJV6zk=,PXQ253/CKp9/DiTgALKdzXH1zro=
3,-223,i6weHKVgk2Hr9Rl3pOwwEjJV6zk=,PXQ253/CKp9/DiTgALKdzXH1zro=
14,-210,i6weHKVgk2Hr9Rl3pOwwEjJV6zk=,PXQ253/CKp9/DiTgALKdzXH1zro=
0,-222,i6weHKVgk2Hr9Rl3pOwwEjJV6zk=,PXQ253/CKp9/DiTgALKdzXH1zro=
2,-224,i6weHKVgk2Hr9Rl3pOwwEjJV6zk=,PXQ253/CKp9/DiTgALKdzXH1zro=
12,-222,i6weHKVgk2Hr9Rl3pOwwEjJV6zk=,PXQ253/CKp9/DiTgALKdzXH1zro=
13,-210,i6weHKVgk2Hr9Rl3pOwwEjJV6zk=,PXQ253/CKp9/DiTgALKdzXH1zro=
12,-210,i6weHKVgk2Hr9Rl3pOwwEjJV6zk=,PXQ253/CKp9/DiTgALKdzXH1zro=
11,-210,i6weHKVgk2Hr9Rl3pOwwEjJV6zk=,PXQ253/CKp9/DiTgALKdzXH1zro=
10,-210,i6weHKVgk2Hr9Rl3pOwwEjJV6zk=,PXQ253/CKp9/DiTgALKdzXH1zro=
9,-210,i6weHKVgk2Hr9Rl3pOwwEjJV6zk=,PXQ253/CKp9/DiTgALKdzXH1zro=
2,-223,i6weHKVgk2Hr9Rl3pOwwEjJV6zk=,PXQ253/CKp9/DiTgALKdzXH1zro=
4,-221,i6weHKVgk2Hr9Rl3pOwwEjJV6zk=,PXQ253/CKp9/DiTgALKdzXH1zro=
8,-210,i6weHKVgk2Hr9Rl3pOwwEjJV6zk=,PXQ253/CKp9/DiTgALKdzXH1zro=
6,-210,i6weHKVgk2Hr9Rl3pOwwEjJV6zk=,PXQ253/CKp9/DiTgALKdzXH1zro=
7,-210,i6weHKVgk2Hr9Rl3pOwwEjJV6zk=,PXQ253/CKp9/DiTgALKdzXH1zro=
4,-224,i6weHKVgk2Hr9Rl3pOwwEjJV6zk=,PXQ253/CKp9/DiTgALKdzXH1zro=
4,-210,i6weHKVgk2Hr9Rl3pOwwEjJV6zk=,PXQ253/CKp9/DiTgALKdzXH1zro=
3,-210,i6weHKVgk2Hr9Rl3pOwwEjJV6zk=,PXQ253/CKp9/DiTgALKdzXH1zro=
2,-210,i6weHKVgk2Hr9Rl3pOwwEjJV6zk=,PXQ253/CKp9/DiTgALKdzXH1zro=
5,-221,i6weHKVgk2Hr9Rl3pOwwEjJV6zk=,PXQ253/CKp9/DiTgALKdzXH1zro=
1,-210,i6weHKVgk2Hr9Rl3pOwwEjJV6zk=,PXQ253/CKp9/DiTgALKdzXH1zro=
0,-210,i6weHKVgk2Hr9Rl3pOwwEjJV6zk=,PXQ253/CKp9/DiTgALKdzXH1zro=
15,-211,i6weHKVgk2Hr9Rl3pOwwEjJV6zk=,PXQ253/CKp9/DiTgALKdzXH1zro=
6,-221,i6weHKVgk2Hr9Rl3pOwwEjJV6zk=,PXQ253/CKp9/DiTgALKdzXH1zro=
7,-221,i6weHKVgk2Hr9Rl3pOwwEjJV6zk=,PXQ253/CKp9/DiTgALKdzXH1zro=
0,-223,i6weHKVgk2Hr9Rl3pOwwEjJV6zk=,PXQ253/CKp9/DiTgALKdzXH1zro=
14,-211,i6weHKVgk2Hr9Rl3pOwwEjJV6zk=,PXQ253/CKp9/DiTgALKdzXH1zro=
13,-211,i6weHKVgk2Hr9Rl3pOwwEjJV6zk=,PXQ253/CKp9/DiTgALKdzXH1zro=
15,-224,i6weHKVgk2Hr9Rl3pOwwEjJV6zk=,PXQ253/CKp9/DiTgALKdzXH1zro=
11,-222,i6weHKVgk2Hr9Rl3pOwwEjJV6zk=,PXQ253/CKp9/DiTgALKdzXH1zro=
12,-211,i6weHKVgk2Hr9Rl3pOwwEjJV6zk=,PXQ253/CKp9/DiTgALKdzXH1zro=
11,-211,i6weHKVgk2Hr9Rl3pOwwEjJV6zk=,PXQ253/CKp9/DiTgALKdzXH1zro=
9,-211,i6weHKVgk2Hr9Rl3pOwwEjJV6zk=,PXQ253/CKp9/DiTgALKdzXH1zro=
10,-211,i6weHKVgk2Hr9Rl3pOwwEjJV6zk=,PXQ253/CKp9/DiTgALKdzXH1zro=
8,-221,i6weHKVgk2Hr9Rl3pOwwEjJV6zk=,PXQ253/CKp9/DiTgALKdzXH1zro=
5,-210,i6weHKVgk2Hr9Rl3pOwwEjJV6zk=,PXQ253/CKp9/DiTgALKdzXH1zro=
9,-221,i6weHKVgk2Hr9Rl3pOwwEjJV6zk=,PXQ253/CKp9/DiTgALKdzXH1zro=
10,-221,i6weHKVgk2Hr9Rl3pOwwEjJV6zk=,PXQ253/CKp9/DiTgALKdzXH1zro=
11,-221,i6weHKVgk2Hr9Rl3pOwwEjJV6zk=,PXQ253/CKp9/DiTgALKdzXH1zro=
12,-221,i6weHKVgk2Hr9Rl3pOwwEjJV6zk=,PXQ253/CKp9/DiTgALKdzXH1zro=
13,-221,i6weHKVgk2Hr9Rl3pOwwEjJV6zk=,PXQ253/CKp9/DiTgALKdzXH1zro=
14,-221,i6weHKVgk2Hr9Rl3pOwwEjJV6zk=,PXQ253/CKp9/DiTgALKdzXH1zro=
7,-211,i6weHKVgk2Hr9Rl3pOwwEjJV6zk=,PXQ253/CKp9/DiTgALKdzXH1zro=
1,-222,i6weHKVgk2Hr9Rl3pOwwEjJV6zk=,PXQ253/CKp9/DiTgALKdzXH1zro=
15,-221,i6weHKVgk2Hr9Rl3pOwwEjJV6zk=,PXQ253/CKp9/DiTgALKdzXH1zro=
8,-211,i6weHKVgk2Hr9Rl3pOwwEjJV6zk=,PXQ253/CKp9/DiTgALKdzXH1zro=
0,-220,i6weHKVgk2Hr9Rl3pOwwEjJV6zk=,PXQ253/CKp9/DiTgALKdzXH1zro=
6,-211,i6weHKVgk2Hr9Rl3pOwwEjJV6zk=,PXQ253/CKp9/DiTgALKdzXH1zro=
5,-211,i6weHKVgk2Hr9Rl3pOwwEjJV6zk=,PXQ253/CKp9/DiTgALKdzXH1zro=
4,-211,i6weHKVgk2Hr9Rl3pOwwEjJV6zk=,PXQ253/CKp9/DiTgALKdzXH1zro=
2,-211,i6weHKVgk2Hr9Rl3pOwwEjJV6zk=,PXQ253/CKp9/DiTgALKdzXH1zro=
1,-211,i6weHKVgk2Hr9Rl3pOwwEjJV6zk=,PXQ253/CKp9/DiTgALKdzXH1zro=
1,-220,i6weHKVgk2Hr9Rl3pOwwEjJV6zk=,PXQ253/CKp9/DiTgALKdzXH1zro=
3,-211,i6weHKVgk2Hr9Rl3pOwwEjJV6zk=,PXQ253/CKp9/DiTgALKdzXH1zro=
0,-211,i6weHKVgk2Hr9Rl3pOwwEjJV6zk=,PXQ253/CKp9/DiTgALKdzXH1zro=
15,-212,i6weHKVgk2Hr9Rl3pOwwEjJV6zk=,PXQ253/CKp9/DiTgALKdzXH1zro=
14,-212,i6weHKVgk2Hr9Rl3pOwwEjJV6zk=,PXQ253/CKp9/DiTgALKdzXH1zro=
13,-212,i6weHKVgk2Hr9Rl3pOwwEjJV6zk=,PXQ253/CKp9/DiTgALKdzXH1zro=
14,-224,i6weHKVgk2Hr9Rl3pOwwEjJV6zk=,PXQ253/CKp9/DiTgALKdzXH1zro=
12,-212,i6weHKVgk2Hr9Rl3pOwwEjJV6zk=,PXQ253/CKp9/DiTgALKdzXH1zro=
10,-222,i6weHKVgk2Hr9Rl3pOwwEjJV6zk=,PXQ253/CKp9/DiTgALKdzXH1zro=
11,-212,i6weHKVgk2Hr9Rl3pOwwEjJV6zk=,PXQ253/CKp9/DiTgALKdzXH1zro=
10,-212,i6weHKVgk2Hr9Rl3pOwwEjJV6zk=,PXQ253/CKp9/DiTgALKdzXH1zro=
1,-224,i6weHKVgk2Hr9Rl3pOwwEjJV6zk=,PXQ253/CKp9/DiTgALKdzXH1zro=
2,-220,i6weHKVgk2Hr9Rl3pOwwEjJV6zk=,PXQ253/CKp9/DiTgALKdzXH1zro=
9,-212,i6weHKVgk2Hr9Rl3pOwwEjJV6zk=,PXQ253/CKp9/DiTgALKdzXH1zro=
8,-212,i6weHKVgk2Hr9Rl3pOwwEjJV6zk=,PXQ253/CKp9/DiTgALKdzXH1zro=
3,-220,i6weHKVgk2Hr9Rl3pOwwEjJV6zk=,PXQ253/CKp9/DiTgALKdzXH1zro=
7,-212,i6weHKVgk2Hr9Rl3pOwwEjJV6zk=,PXQ253/CKp9/DiTgALKdzXH1zro=
6,-212,i6weHKVgk2Hr9Rl3pOwwEjJV6zk=,PXQ253/CKp9/DiTgALKdzXH1zro=
4,-212,i6weHKVgk2Hr9Rl3pOwwEjJV6zk=,PXQ253/CKp9/DiTgALKdzXH1zro=
5,-212,i6weHKVgk2Hr9Rl3pOwwEjJV6zk=,PXQ253/CKp9/DiTgALKdzXH1zro=
2,-212,i6weHKVgk2Hr9Rl3pOwwEjJV6zk=,PXQ253/CKp9/DiTgALKdzXH1zro=
3,-212,i6weHKVgk2Hr9Rl3pOwwEjJV6zk=,PXQ253/CKp9/DiTgALKdzXH1zro=
2,-222,i6weHKVgk2Hr9Rl3pOwwEjJV6zk=,PXQ253/CKp9/DiTgALKdzXH1zro=
1,-212,i6weHKVgk2Hr9Rl3pOwwEjJV6zk=,PXQ253/CKp9/DiTgALKdzXH1zro=
15,-213,i6weHKVgk2Hr9Rl3pOwwEjJV6zk=,PXQ253/CKp9/DiTgALKdzXH1zro=
14,-213,i6weHKVgk2Hr9Rl3pOwwEjJV6zk=,PXQ253/CKp9/DiTgALKdzXH1zro=
13,-213,i6weHKVgk2Hr9Rl3pOwwEjJV6zk=,PXQ253/CKp9/DiTgALKdzXH1zro=
12,-213,i6weHKVgk2Hr9Rl3pOwwEjJV6zk=,PXQ253/CKp9/DiTgALKdzXH1zro=
13,-224,i6weHKVgk2Hr9Rl3pOwwEjJV6zk=,PXQ253/CKp9/DiTgALKdzXH1zro=
11,-213,i6weHKVgk2Hr9Rl3pOwwEjJV6zk=,PXQ253/CKp9/DiTgALKdzXH1zro=
9,-222,i6weHKVgk2Hr9Rl3pOwwEjJV6zk=,PXQ253/CKp9/DiTgALKdzXH1zro=
10,-213,i6weHKVgk2Hr9Rl3pOwwEjJV6zk=,PXQ253/CKp9/DiTgALKdzXH1zro=
9,-213,i6weHKVgk2Hr9Rl3pOwwEjJV6zk=,PXQ253/CKp9/DiTgALKdzXH1zro=
0,-212,i6weHKVgk2Hr9Rl3pOwwEjJV6zk=,PXQ253/CKp9/DiTgALKdzXH1zro=
8,-213,i6weHKVgk2Hr9Rl3pOwwEjJV6zk=,PXQ253/CKp9/DiTgALKdzXH1zro=
4,-220,i6weHKVgk2Hr9Rl3pOwwEjJV6zk=,PXQ253/CKp9/DiTgALKdzXH1zro=
5,-224,i6weHKVgk2Hr9Rl3pOwwEjJV6zk=,PXQ253/CKp9/DiTgALKdzXH1zro=
7,-213,i6weHKVgk2Hr9Rl3pOwwEjJV6zk=,PXQ253/CKp9/DiTgALKdzXH1zro=
6,-213,i6weHKVgk2Hr9Rl3pOwwEjJV6zk=,PXQ253/CKp9/DiTgALKdzXH1zro=
4,-213,i6weHKVgk2Hr9Rl3pOwwEjJV6zk=,PXQ253/CKp9/DiTgALKdzXH1zro=
5,-213,i6weHKVgk2Hr9Rl3pOwwEjJV6zk=,PXQ253/CKp9/DiTgALKdzXH1zro=
5,-220,i6weHKVgk2Hr9Rl3pOwwEjJV6zk=,PXQ253/CKp9/DiTgALKdzXH1zro=
2,-213,i6weHKVgk2Hr9Rl3pOwwEjJV6zk=,PXQ253/CKp9/DiTgALKdzXH1zro=
3,-213,i6weHKVgk2Hr9Rl3pOwwEjJV6zk=,PXQ253/CKp9/DiTgALKdzXH1zro=
6,-220,i6weHKVgk2Hr9Rl3pOwwEjJV6zk=,PXQ253/CKp9/DiTgALKdzXH1zro=
1,-213,i6weHKVgk2Hr9Rl3pOwwEjJV6zk=,PXQ253/CKp9/DiTgALKdzXH1zro=
15,-214,i6weHKVgk2Hr9Rl3pOwwEjJV6zk=,PXQ253/CKp9/DiTgALKdzXH1zro=
14,-214,i6weHKVgk2Hr9Rl3pOwwEjJV6zk=,PXQ253/CKp9/DiTgALKdzXH1zro=
13,-214,i6weHKVgk2Hr9Rl3pOwwEjJV6zk=,PXQ253/CKp9/DiTgALKdzXH1zro=
12,-214,i6weHKVgk2Hr9Rl3pOwwEjJV6zk=,PXQ253/CKp9/DiTgALKdzXH1zro=
11,-214,i6weHKVgk2Hr9Rl3pOwwEjJV6zk=,PXQ253/CKp9/DiTgALKdzXH1zro=
12,-224,i6weHKVgk2Hr9Rl3pOwwEjJV6zk=,PXQ253/CKp9/DiTgALKdzXH1zro=
10,-214,i6weHKVgk2Hr9Rl3pOwwEjJV6zk=,PXQ253/CKp9/DiTgALKdzXH1zro=
8,-222,i6weHKVgk2Hr9Rl3pOwwEjJV6zk=,PXQ253/CKp9/DiTgALKdzXH1zro=
9,-214,i6weHKVgk2Hr9Rl3pOwwEjJV6zk=,PXQ253/CKp9/DiTgALKdzXH1zro=
0,-213,i6weHKVgk2Hr9Rl3pOwwEjJV6zk=,PXQ253/CKp9/DiTgALKdzXH1zro=
8,-214,i6weHKVgk2Hr9Rl3pOwwEjJV6zk=,PXQ253/CKp9/DiTgALKdzXH1zro=
7,-220,i6weHKVgk2Hr9Rl3pOwwEjJV6zk=,PXQ253/CKp9/DiTgALKdzXH1zro=
7,-214,i6weHKVgk2Hr9Rl3pOwwEjJV6zk=,PXQ253/CKp9/DiTgALKdzXH1zro=
8,-220,i6weHKVgk2Hr9Rl3pOwwEjJV6zk=,PXQ253/CKp9/DiTgALKdzXH1zro=
9,-220,i6weHKVgk2Hr9Rl3pOwwEjJV6zk=,PXQ253/CKp9/DiTgALKdzXH1zro=
6,-214,i6weHKVgk2Hr9Rl3pOwwEjJV6zk=,PXQ253/CKp9/DiTgALKdzXH1zro=
5,-214,i6weHKVgk2Hr9Rl3pOwwEjJV6zk=,PXQ253/CKp9/DiTgALKdzXH1zro=
4,-214,i6weHKVgk2Hr9Rl3pOwwEjJV6zk=,PXQ253/CKp9/DiTgALKdzXH1zro=
3,-214,i6weHKVgk2Hr9Rl3pOwwEjJV6zk=,PXQ253/CKp9/DiTgALKdzXH1zro=
0,-224,i6weHKVgk2Hr9Rl3pOwwEjJV6zk=,PXQ253/CKp9/DiTgALKdzXH1zro=
10,-220,i6weHKVgk2Hr9Rl3pOwwEjJV6zk=,PXQ253/CKp9/DiTgALKdzXH1zro=
11,-220,i6weHKVgk2Hr9Rl3pOwwEjJV6zk=,PXQ253/CKp9/DiTgALKdzXH1zro=
12,-220,i6weHKVgk2Hr9Rl3pOwwEjJV6zk=,PXQ253/CKp9/DiTgALKdzXH1zro=
13,-220,i6weHKVgk2Hr9Rl3pOwwEjJV6zk=,PXQ253/CKp9/DiTgALKdzXH1zro=
14,-220,i6weHKVgk2Hr9Rl3pOwwEjJV6zk=,PXQ253/CKp9/DiTgALKdzXH1zro=
15,-220,i6weHKVgk2Hr9Rl3pOwwEjJV6zk=,PXQ253/CKp9/DiTgALKdzXH1zro=
6,-224,i6weHKVgk2Hr9Rl3pOwwEjJV6zk=,PXQ253/CKp9/DiTgALKdzXH1zro=
1,-214,i6weHKVgk2Hr9Rl3pOwwEjJV6zk=,PXQ253/CKp9/DiTgALKdzXH1zro=
0,-219,i6weHKVgk2Hr9Rl3pOwwEjJV6zk=,PXQ253/CKp9/DiTgALKdzXH1zro=
2,-214,i6weHKVgk2Hr9Rl3pOwwEjJV6zk=,PXQ253/CKp9/DiTgALKdzXH1zro=
15,-215,i6weHKVgk2Hr9Rl3pOwwEjJV6zk=,PXQ253/CKp9/DiTgALKdzXH1zro=
14,-215,i6weHKVgk2Hr9Rl3pOwwEjJV6zk=,PXQ253/CKp9/DiTgALKdzXH1zro=
13,-215,i6weHKVgk2Hr9Rl3pOwwEjJV6zk=,PXQ253/CKp9/DiTgALKdzXH1zro=
12,-215,i6weHKVgk2Hr9Rl3pOwwEjJV6zk=,PXQ253/CKp9/DiTgALKdzXH1zro=
11,-215,i6weHKVgk2Hr9Rl3pOwwEjJV6zk=,PXQ253/CKp9/DiTgALKdzXH1zro=
10,-215,i6weHKVgk2Hr9Rl3pOwwEjJV6zk=,PXQ253/CKp9/DiTgALKdzXH1zro=
11,-224,i6weHKVgk2Hr9Rl3pOwwEjJV6zk=,PXQ253/CKp9/DiTgALKdzXH1zro=
9,-215,i6weHKVgk2Hr9Rl3pOwwEjJV6zk=,PXQ253/CKp9/DiTgALKdzXH1zro=
7,-222,i6weHKVgk2Hr9Rl3pOwwEjJV6zk=,PXQ253/CKp9/DiTgALKdzXH1zro=
8,-215,i6weHKVgk2Hr9Rl3pOwwEjJV6zk=,PXQ253/CKp9/DiTgALKdzXH1zro=
7,-215,i6weHKVgk2Hr9Rl3pOwwEjJV6zk=,PXQ253/CKp9/DiTgALKdzXH1zro=
0,-214,i6weHKVgk2Hr9Rl3pOwwEjJV6zk=,PXQ253/CKp9/DiTgALKdzXH1zro=
1,-219,i6weHKVgk2Hr9Rl3pOwwEjJV6zk=,PXQ253/CKp9/DiTgALKdzXH1zro=
6,-215,i6weHKVgk2Hr9Rl3pOwwEjJV6zk=,PXQ253/CKp9/DiTgALKdzXH1zro=
5,-215,i6weHKVgk2Hr9Rl3pOwwEjJV6zk=,PXQ253/CKp9/DiTgALKdzXH1zro=
2,-219,i6weHKVgk2Hr9Rl3pOwwEjJV6zk=,PXQ253/CKp9/DiTgALKdzXH1zro=
4,-215,i6weHKVgk2Hr9Rl3pOwwEjJV6zk=,PXQ253/CKp9/DiTgALKdzXH1zro=
3,-215,i6weHKVgk2Hr9Rl3pOwwEjJV6zk=,PXQ253/CKp9/DiTgALKdzXH1zro=
1,-215,i6weHKVgk2Hr9Rl3pOwwEjJV6zk=,PXQ253/CKp9/DiTgALKdzXH1zro=
3,-219,i6weHKVgk2Hr9Rl3pOwwEjJV6zk=,PXQ253/CKp9/DiTgALKdzXH1zro=
2,-215,i6weHKVgk2Hr9Rl3pOwwEjJV6zk=,PXQ253/CKp9/DiTgALKdzXH1zro=
15,-216,i6weHKVgk2Hr9Rl3pOwwEjJV6zk=,PXQ253/CKp9/DiTgALKdzXH1zro=
14,-216,i6weHKVgk2Hr9Rl3pOwwEjJV6zk=,PXQ253/CKp9/DiTgALKdzXH1zro=
13,-216,i6weHKVgk2Hr9Rl3pOwwEjJV6zk=,PXQ253/CKp9/DiTgALKdzXH1zro=
12,-216,i6weHKVgk2Hr9Rl3pOwwEjJV6zk=,PXQ253/CKp9/DiTgALKdzXH1zro=
11,-216,i6weHKVgk2Hr9Rl3pOwwEjJV6zk=,PXQ253/CKp9/DiTgALKdzXH1zro=
10,-216,i6weHKVgk2Hr9Rl3pOwwEjJV6zk=,PXQ253/CKp9/DiTgALKdzXH1zro=
9,-216,i6weHKVgk2Hr9Rl3pOwwEjJV6zk=,PXQ253/CKp9/DiTgALKdzXH1zro=
10,-224,i6weHKVgk2Hr9Rl3pOwwEjJV6zk=,PXQ253/CKp9/DiTgALKdzXH1zro=
8,-216,i6weHKVgk2Hr9Rl3pOwwEjJV6zk=,PXQ253/CKp9/DiTgALKdzXH1zro=
6,-222,i6weHKVgk2Hr9Rl3pOwwEjJV6zk=,PXQ253/CKp9/DiTgALKdzXH1zro=
7,-216,i6weHKVgk2Hr9Rl3pOwwEjJV6zk=,PXQ253/CKp9/DiTgALKdzXH1zro=
4,-219,i6weHKVgk2Hr9Rl3pOwwEjJV6zk=,PXQ253/CKp9/DiTgALKdzXH1zro=
0,-215,i6weHKVgk2Hr9Rl3pOwwEjJV6zk=,PXQ253/CKp9/DiTgALKdzXH1zro=
6,-216,i6weHKVgk2Hr9Rl3pOwwEjJV6zk=,PXQ253/CKp9/DiTgALKdzXH1zro=
3,-222,i6weHKVgk2Hr9Rl3pOwwEjJV6zk=,PXQ253/CKp9/DiTgALKdzXH1zro=
5,-216,i6weHKVgk2Hr9Rl3pOwwEjJV6zk=,PXQ253/CKp9/DiTgALKdzXH1zro=
4,-216,i6weHKVgk2Hr9Rl3pOwwEjJV6zk=,PXQ253/CKp9/DiTgALKdzXH1zro=
5,-219,i6weHKVgk2Hr9Rl3pOwwEjJV6zk=,PXQ253/CKp9/DiTgALKdzXH1zro=
7,-224,i6weHKVgk2Hr9Rl3pOwwEjJV6zk=,PXQ253/CKp9/DiTgALKdzXH1zro=
3,-216,i6weHKVgk2Hr9Rl3pOwwEjJV6zk=,PXQ253/CKp9/DiTgALKdzXH1zro=
2,-216,i6weHKVgk2Hr9Rl3pOwwEjJV6zk=,PXQ253/CKp9/DiTgALKdzXH1zro=
6,-219,i6weHKVgk2Hr9Rl3pOwwEjJV6zk=,PXQ253/CKp9/DiTgALKdzXH1zro=
1,-216,i6weHKVgk2Hr9Rl3pOwwEjJV6zk=,PXQ253/CKp9/DiTgALKdzXH1zro=
15,-217,i6weHKVgk2Hr9Rl3pOwwEjJV6zk=,PXQ253/CKp9/DiTgALKdzXH1zro=
14,-217,i6weHKVgk2Hr9Rl3pOwwEjJV6zk=,PXQ253/CKp9/DiTgALKdzXH1zro=
13,-217,i6weHKVgk2Hr9Rl3pOwwEjJV6zk=,PXQ253/CKp9/DiTgALKdzXH1zro=
12,-217,i6weHKVgk2Hr9Rl3pOwwEjJV6zk=,PXQ253/CKp9/DiTgALKdzXH1zro=
11,-217,i6weHKVgk2Hr9Rl3pOwwEjJV6zk=,PXQ253/CKp9/DiTgALKdzXH1zro=
10,-217,i6weHKVgk2Hr9Rl3pOwwEjJV6zk=,PXQ253/CKp9/DiTgALKdzXH1zro=
9,-217,i6weHKVgk2Hr9Rl3pOwwEjJV6zk=,PXQ253/CKp9/DiTgALKdzXH1zro=
8,-217,i6weHKVgk2Hr9Rl3pOwwEjJV6zk=,PXQ253/CKp9/DiTgALKdzXH1zro=
9,-224,i6weHKVgk2Hr9Rl3pOwwEjJV6zk=,PXQ253/CKp9/DiTgALKdzXH1zro=
0,-216,i6weHKVgk2Hr9Rl3pOwwEjJV6zk=,PXQ253/CKp9/DiTgALKdzXH1zro=
7,-219,i6weHKVgk2Hr9Rl3pOwwEjJV6zk=,PXQ253/CKp9/DiTgALKdzXH1zro=
8,-219,i6weHKVgk2Hr9Rl3pOwwEjJV6zk=,PXQ253/CKp9/DiTgALKdzXH1zro=
7,-217,i6weHKVgk2Hr9Rl3pOwwEjJV6zk=,PXQ253/CKp9/DiTgALKdzXH1zro=
9,-219,i6weHKVgk2Hr9Rl3pOwwEjJV6zk=,PXQ253/CKp9/DiTgALKdzXH1zro=
10,-219,i6weHKVgk2Hr9Rl3pOwwEjJV6zk=,PXQ253/CKp9/DiTgALKdzXH1zro=
11,-219,i6weHKVgk2Hr9Rl3pOwwEjJV6zk=,PXQ253/CKp9/DiTgALKdzXH1zro=
12,-219,i6weHKVgk2Hr9Rl3pOwwEjJV6zk=,PXQ253/CKp9/DiTgALKdzXH1zro=
13,-219,i6weHKVgk2Hr9Rl3pOwwEjJV6zk=,PXQ253/CKp9/DiTgALKdzXH1zro=
14,-219,i6weHKVgk2Hr9Rl3pOwwEjJV6zk=,PXQ253/CKp9/DiTgALKdzXH1zro=
15,-219,i6weHKVgk2Hr9Rl3pOwwEjJV6zk=,PXQ253/CKp9/DiTgALKdzXH1zro=
6,-217,i6weHKVgk2Hr9Rl3pOwwEjJV6zk=,PXQ253/CKp9/DiTgALKdzXH1zro=
5,-222,i6weHKVgk2Hr9Rl3pOwwEjJV6zk=,PXQ253/CKp9/DiTgALKdzXH1zro=
0,-218,i6weHKVgk2Hr9Rl3pOwwEjJV6zk=,PXQ253/CKp9/DiTgALKdzXH1zro=
1,-218,i6weHKVgk2Hr9Rl3pOwwEjJV6zk=,PXQ253/CKp9/DiTgALKdzXH1zro=
5,-217,i6weHKVgk2Hr9Rl3pOwwEjJV6zk=,PXQ253/CKp9/DiTgALKdzXH1zro=
4,-217,i6weHKVgk2Hr9Rl3pOwwEjJV6zk=,PXQ253/CKp9/DiTgALKdzXH1zro=
2,-218,i6weHKVgk2Hr9Rl3pOwwEjJV6zk=,PXQ253/CKp9/DiTgALKdzXH1zro=
3,-217,i6weHKVgk2Hr9Rl3pOwwEjJV6zk=,PXQ253/CKp9/DiTgALKdzXH1zro=
2,-217,i6weHKVgk2Hr9Rl3pOwwEjJV6zk=,PXQ253/CKp9/DiTgALKdzXH1zro=
3,-218,i6weHKVgk2Hr9Rl3pOwwEjJV6zk=,PXQ253/CKp9/DiTgALKdzXH1zro=
1,-217,i6weHKVgk2Hr9Rl3pOwwEjJV6zk=,PXQ253/CKp9/DiTgALKdzXH1zro=
15,-218,i6weHKVgk2Hr9Rl3pOwwEjJV6zk=,PXQ253/CKp9/DiTgALKdzXH1zro=
14,-218,i6weHKVgk2Hr9Rl3pOwwEjJV6zk=,PXQ253/CKp9/DiTgALKdzXH1zro=
13,-218,i6weHKVgk2Hr9Rl3pOwwEjJV6zk=,PXQ253/CKp9/DiTgALKdzXH1zro=
12,-218,i6weHKVgk2Hr9Rl3pOwwEjJV6zk=,PXQ253/CKp9/DiTgALKdzXH1zro=
11,-218,i6weHKVgk2Hr9Rl3pOwwEjJV6zk=,PXQ253/CKp9/DiTgALKdzXH1zro=
10,-218,i6weHKVgk2Hr9Rl3pOwwEjJV6zk=,PXQ253/CKp9/DiTgALKdzXH1zro=
9,-218,i6weHKVgk2Hr9Rl3pOwwEjJV6zk=,PXQ253/CKp9/DiTgALKdzXH1zro=
0,-217,i6weHKVgk2Hr9Rl3pOwwEjJV6zk=,PXQ253/CKp9/DiTgALKdzXH1zro=
8,-218,i6weHKVgk2Hr9Rl3pOwwEjJV6zk=,PXQ253/CKp9/DiTgALKdzXH1zro=
4,-218,i6weHKVgk2Hr9Rl3pOwwEjJV6zk=,PXQ253/CKp9/DiTgALKdzXH1zro=
8,-224,i6weHKVgk2Hr9Rl3pOwwEjJV6zk=,PXQ253/CKp9/DiTgALKdzXH1zro=
6,-218,i6weHKVgk2Hr9Rl3pOwwEjJV6zk=,PXQ253/CKp9/DiTgALKdzXH1zro=
7,-218,i6weHKVgk2Hr9Rl3pOwwEjJV6zk=,PXQ253/CKp9/DiTgALKdzXH1zro=
5,-218,i6weHKVgk2Hr9Rl3pOwwEjJV6zk=,PXQ253/CKp9/DiTgALKdzXH1zro=
4,-222,i6weHKVgk2Hr9Rl3pOwwEjJV6zk=,PXQ253/CKp9/DiTgALKdzXH1zro=
15,-207,k3bSP4hK5LviU6+0cC40yQP4UT4=,gku1cvW8t0g2zI7OtCMUHZGG0Rs=
13,-206,k3bSP4hK5LviU6+0cC40yQP4UT4=,gku1cvW8t0g2zI7OtCMUHZGG0Rs=
15,-193,k3bSP4hK5LviU6+0cC40yQP4UT4=,gku1cvW8t0g2zI7OtCMUHZGG0Rs=
12,-206,k3bSP4hK5LviU6+0cC40yQP4UT4=,gku1cvW8t0g2zI7OtCMUHZGG0Rs=
11,-206,gTywRaPki7ZcHqszwblvf4DlP2Q=,gku1cvW8t0g2zI7OtCMUHZGG0Rs=
12,-205,gTywRaPki7ZcHqszwblvf4DlP2Q=,gku1cvW8t0g2zI7OtCMUHZGG0Rs=
14,-206,gTywRaPki7ZcHqszwblvf4DlP2Q=,gku1cvW8t0g2zI7OtCMUHZGG0Rs=
10,-206,gTywRaPki7ZcHqszwblvf4DlP2Q=,gku1cvW8t0g2zI7OtCMUHZGG0Rs=
3,-208,gTywRaPki7ZcHqszwblvf4DlP2Q=,gku1cvW8t0g2zI7OtCMUHZGG0Rs=
8,-206,gTywRaPki7ZcHqszwblvf4DlP2Q=,gku1cvW8t0g2zI7OtCMUHZGG0Rs=
4,-208,gTywRaPki7ZcHqszwblvf4DlP2Q=,gku1cvW8t0g2zI7OtCMUHZGG0Rs=
13,-205,gTywRaPki7ZcHqszwblvf4DlP2Q=,gku1cvW8t0g2zI7OtCMUHZGG0Rs=
14,-205,gTywRaPki7ZcHqszwblvf4DlP2Q=,gku1cvW8t0g2zI7OtCMUHZGG0Rs=
15,-205,gTywRaPki7ZcHqszwblvf4DlP2Q=,gku1cvW8t0g2zI7OtCMUHZGG0Rs=
9,-206,gTywRaPki7ZcHqszwblvf4DlP2Q=,gku1cvW8t0g2zI7OtCMUHZGG0Rs=
7,-206,gTywRaPki7ZcHqszwblvf4DlP2Q=,gku1cvW8t0g2zI7OtCMUHZGG0Rs=
5,-206,gTywRaPki7ZcHqszwblvf4DlP2Q=,gku1cvW8t0g2zI7OtCMUHZGG0Rs=
5,-208,gTywRaPki7ZcHqszwblvf4DlP2Q=,gku1cvW8t0g2zI7OtCMUHZGG0Rs=
6,-206,gTywRaPki7ZcHqszwblvf4DlP2Q=,gku1cvW8t0g2zI7OtCMUHZGG0Rs=
4,-206,gTywRaPki7ZcHqszwblvf4DlP2Q=,gku1cvW8t0g2zI7OtCMUHZGG0Rs=
0,-204,gTywRaPki7ZcHqszwblvf4DlP2Q=,gku1cvW8t0g2zI7OtCMUHZGG0Rs=
3,-206,gTywRaPki7ZcHqszwblvf4DlP2Q=,gku1cvW8t0g2zI7OtCMUHZGG0Rs=
2,-206,gTywRaPki7ZcHqszwblvf4DlP2Q=,gku1cvW8t0g2zI7OtCMUHZGG0Rs=
2,-207,gTywRaPki7ZcHqszwblvf4DlP2Q=,gku1cvW8t0g2zI7OtCMUHZGG0Rs=
1,-206,gTywRaPki7ZcHqszwblvf4DlP2Q=,gku1cvW8t0g2zI7OtCMUHZGG0Rs=
11,-205,gTywRaPki7ZcHqszwblvf4DlP2Q=,gku1cvW8t0g2zI7OtCMUHZGG0Rs=
14,-193,gTywRaPki7ZcHqszwblvf4DlP2Q=,gku1cvW8t0g2zI7OtCMUHZGG0Rs=
13,-193,gTywRaPki7ZcHqszwblvf4DlP2Q=,gku1cvW8t0g2zI7OtCMUHZGG0Rs=
12,-193,gTywRaPki7ZcHqszwblvf4DlP2Q=,gku1cvW8t0g2zI7OtCMUHZGG0Rs=
1,-204,gTywRaPki7ZcHqszwblvf4DlP2Q=,gku1cvW8t0g2zI7OtCMUHZGG0Rs=
11,-193,gTywRaPki7ZcHqszwblvf4DlP2Q=,gku1cvW8t0g2zI7OtCMUHZGG0Rs=
10,-193,gTywRaPki7ZcHqszwblvf4DlP2Q=,gku1cvW8t0g2zI7OtCMUHZGG0Rs=
2,-204,gTywRaPki7ZcHqszwblvf4DlP2Q=,gku1cvW8t0g2zI7OtCMUHZGG0Rs=
0,-206,gTywRaPki7ZcHqszwblvf4DlP2Q=,gku1cvW8t0g2zI7OtCMUHZGG0Rs=
3,-204,gTywRaPki7ZcHqszwblvf4DlP2Q=,gku1cvW8t0g2zI7OtCMUHZGG0Rs=
9,-193,gTywRaPki7ZcHqszwblvf4DlP2Q=,gku1cvW8t0g2zI7OtCMUHZGG0Rs=
4,-204,gTywRaPki7ZcHqszwblvf4DlP2Q=,gku1cvW8t0g2zI7OtCMUHZGG0Rs=
8,-193,gTywRaPki7ZcHqszwblvf4DlP2Q=,gku1cvW8t0g2zI7OtCMUHZGG0Rs=
7,-193,gTywRaPki7ZcHqszwblvf4DlP2Q=,gku1cvW8t0g2zI7OtCMUHZGG0Rs=
5,-193,gTywRaPki7ZcHqszwblvf4DlP2Q=,gku1cvW8t0g2zI7OtCMUHZGG0Rs=
6,-193,gTywRaPki7ZcHqszwblvf4DlP2Q=,gku1cvW8t0g2zI7OtCMUHZGG0Rs=
3,-193,gTywRaPki7ZcHqszwblvf4DlP2Q=,gku1cvW8t0g2zI7OtCMUHZGG0Rs=
2,-193,gTywRaPki7ZcHqszwblvf4DlP2Q=,gku1cvW8t0g2zI7OtCMUHZGG0Rs=
5,-204,gTywRaPki7ZcHqszwblvf4DlP2Q=,gku1cvW8t0g2zI7OtCMUHZGG0Rs=
4,-193,gTywRaPki7ZcHqszwblvf4DlP2Q=,gku1cvW8t0g2zI7OtCMUHZGG0Rs=
10,-205,gTywRaPki7ZcHqszwblvf4DlP2Q=,gku1cvW8t0g2zI7OtCMUHZGG0Rs=
1,-193,gTywRaPki7ZcHqszwblvf4DlP2Q=,gku1cvW8t0g2zI7OtCMUHZGG0Rs=
0,-193,gTywRaPki7ZcHqszwblvf4DlP2Q=,gku1cvW8t0g2zI7OtCMUHZGG0Rs=
14,-207,gTywRaPki7ZcHqszwblvf4DlP2Q=,gku1cvW8t0g2zI7OtCMUHZGG0Rs=
15,-194,gTywRaPki7ZcHqszwblvf4DlP2Q=,gku1cvW8t0g2zI7OtCMUHZGG0Rs=
14,-194,gTywRaPki7ZcHqszwblvf4DlP2Q=,gku1cvW8t0g2zI7OtCMUHZGG0Rs=
2,-208,gTywRaPki7ZcHqszwblvf4DlP2Q=,gku1cvW8t0g2zI7OtCMUHZGG0Rs=
13,-194,gTywRaPki7ZcHqszwblvf4DlP2Q=,gku1cvW8t0g2zI7OtCMUHZGG0Rs=
12,-194,gTywRaPki7ZcHqszwblvf4DlP2Q=,gku1cvW8t0g2zI7OtCMUHZGG0Rs=
11,-194,gTywRaPki7ZcHqszwblvf4DlP2Q=,gku1cvW8t0g2zI7OtCMUHZGG0Rs=
6,-204,gTywRaPki7ZcHqszwblvf4DlP2Q=,gku1cvW8t0g2zI7OtCMUHZGG0Rs=
10,-194,gTywRaPki7ZcHqszwblvf4DlP2Q=,gku1cvW8t0g2zI7OtCMUHZGG0Rs=
8,-194,gTywRaPki7ZcHqszwblvf4DlP2Q=,gku1cvW8t0g2zI7OtCMUHZGG0Rs=
9,-194,gTywRaPki7ZcHqszwblvf4DlP2Q=,gku1cvW8t0g2zI7OtCMUHZGG0Rs=
7,-194,gTywRaPki7ZcHqszwblvf4DlP2Q=,gku1cvW8t0g2zI7OtCMUHZGG0Rs=
6,-194,gTywRaPki7ZcHqszwblvf4DlP2Q=,gku1cvW8t0g2zI7OtCMUHZGG0Rs=
4,-194,gTywRaPki7ZcHqszwblvf4DlP2Q=,gku1cvW8t0g2zI7OtCMUHZGG0Rs=
3,-194,gTywRaPki7ZcHqszwblvf4DlP2Q=,gku1cvW8t0g2zI7OtCMUHZGG0Rs=
2,-194,gTywRaPki7ZcHqszwblvf4DlP2Q=,gku1cvW8t0g2zI7OtCMUHZGG0Rs=
5,-194,gTywRaPki7ZcHqszwblvf4DlP2Q=,gku1cvW8t0g2zI7OtCMUHZGG0Rs=
9,-205,gTywRaPki7ZcHqszwblvf4DlP2Q=,gku1cvW8t0g2zI7OtCMUHZGG0Rs=
1,-207,gTywRaPki7ZcHqszwblvf4DlP2Q=,gku1cvW8t0g2zI7OtCMUHZGG0Rs=
1,-194,gTywRaPki7ZcHqszwblvf4DlP2Q=,gku1cvW8t0g2zI7OtCMUHZGG0Rs=
0,-194,gTywRaPki7ZcHqszwblvf4DlP2Q=,gku1cvW8t0g2zI7OtCMUHZGG0Rs=
0,-207,gTywRaPki7ZcHqszwblvf4DlP2Q=,gku1cvW8t0g2zI7OtCMUHZGG0Rs=
15,-195,gTywRaPki7ZcHqszwblvf4DlP2Q=,gku1cvW8t0g2zI7OtCMUHZGG0Rs=
14,-195,gTywRaPki7ZcHqszwblvf4DlP2Q=,gku1cvW8t0g2zI7OtCMUHZGG0Rs=
13,-195,gTywRaPki7ZcHqszwblvf4DlP2Q=,gku1cvW8t0g2zI7OtCMUHZGG0Rs=
12,-195,gTywRaPki7ZcHqszwblvf4DlP2Q=,gku1cvW8t0g2zI7OtCMUHZGG0Rs=
11,-195,gTywRaPki7ZcHqszwblvf4DlP2Q=,gku1cvW8t0g2zI7OtCMUHZGG0Rs=
10,-195,gTywRaPki7ZcHqszwblvf4DlP2Q=,gku1cvW8t0g2zI7OtCMUHZGG0Rs=
1,-208,gTywRaPki7ZcHqszwblvf4DlP2Q=,gku1cvW8t0g2zI7OtCMUHZGG0Rs=
8,-195,gTywRaPki7ZcHqszwblvf4DlP2Q=,gku1cvW8t0g2zI7OtCMUHZGG0Rs=
7,-204,gTywRaPki7ZcHqszwblvf4DlP2Q=,gku1cvW8t0g2zI7OtCMUHZGG0Rs=
9,-195,gTywRaPki7ZcHqszwblvf4DlP2Q=,gku1cvW8t0g2zI7OtCMUHZGG0Rs=
7,-195,gTywRaPki7ZcHqszwblvf4DlP2Q=,gku1cvW8t0g2zI7OtCMUHZGG0Rs=
5,-195,gTywRaPki7ZcHqszwblvf4DlP2Q=,gku1cvW8t0g2zI7OtCMUHZGG0Rs=
4,-195,gTywRaPki7ZcHqszwblvf4DlP2Q=,gku1cvW8t0g2zI7OtCMUHZGG0Rs=
3,-195,gTywRaPki7ZcHqszwblvf4DlP2Q=,gku1cvW8t0g2zI7OtCMUHZGG0Rs=
15,-208,gTywRaPki7ZcHqszwblvf4DlP2Q=,gku1cvW8t0g2zI7OtCMUHZGG0Rs=
13,-207,gTywRaPki7ZcHqszwblvf4DlP2Q=,gku1cvW8t0g2zI7OtCMUHZGG0Rs=
6,-195,gTywRaPki7ZcHqszwblvf4DlP2Q=,gku1cvW8t0g2zI7OtCMUHZGG0Rs=
2,-195,gTywRaPki7ZcHqszwblvf4DlP2Q=,gku1cvW8t0g2zI7OtCMUHZGG0Rs=
1,-195,gTywRaPki7ZcHqszwblvf4DlP2Q=,gku1cvW8t0g2zI7OtCMUHZGG0Rs=
12,-207,gTywRaPki7ZcHqszwblvf4DlP2Q=,gku1cvW8t0g2zI7OtCMUHZGG0Rs=
0,-195,gTywRaPki7ZcHqszwblvf4DlP2Q=,gku1cvW8t0g2zI7OtCMUHZGG0Rs=
15,-196,gTywRaPki7ZcHqszwblvf4DlP2Q=,gku1cvW8t0g2zI7OtCMUHZGG0Rs=
14,-196,gTywRaPki7ZcHqszwblvf4DlP2Q=,gku1cvW8t0g2zI7OtCMUHZGG0Rs=
13,-196,gTywRaPki7ZcHqszwblvf4DlP2Q=,gku1cvW8t0g2zI7OtCMUHZGG0Rs=
12,-196,gTywRaPki7ZcHqszwblvf4DlP2Q=,gku1cvW8t0g2zI7OtCMUHZGG0Rs=
11,-196,gTywRaPki7ZcHqszwblvf4DlP2Q=,gku1cvW8t0g2zI7OtCMUHZGG0Rs=
10,-196,gTywRaPki7ZcHqszwblvf4DlP2Q=,gku1cvW8t0g2zI7OtCMUHZGG0Rs=
8,-205,gTywRaPki7ZcHqszwblvf4DlP2Q=,gku1cvW8t0g2zI7OtCMUHZGG0Rs=
9,-196,gTywRaPki7ZcHqszwblvf4DlP2Q=,gku1cvW8t0g2zI7OtCMUHZGG0Rs=
8,-204,gTywRaPki7ZcHqszwblvf4DlP2Q=,gku1cvW8t0g2zI7OtCMUHZGG0Rs=
7,-196,gTywRaPki7ZcHqszwblvf4DlP2Q=,gku1cvW8t0g2zI7OtCMUHZGG0Rs=
9,-204,gTywRaPki7ZcHqszwblvf4DlP2Q=,gku1cvW8t0g2zI7OtCMUHZGG0Rs=
6,-196,gTywRaPki7ZcHqszwblvf4DlP2Q=,gku1cvW8t0g2zI7OtCMUHZGG0Rs=
8,-196,gTywRaPki7ZcHqszwblvf4DlP2Q=,gku1cvW8t0g2zI7OtCMUHZGG0Rs=
10,-204,gTywRaPki7ZcHqszwblvf4DlP2Q=,gku1cvW8t0g2zI7OtCMUHZGG0Rs=
11,-204,gTywRaPki7ZcHqszwblvf4DlP2Q=,gku1cvW8t0g2zI7OtCMUHZGG0Rs=
5,-196,gTywRaPki7ZcHqszwblvf4DlP2Q=,gku1cvW8t0g2zI7OtCMUHZGG0Rs=
15,-206,gTywRaPki7ZcHqszwblvf4DlP2Q=,gku1cvW8t0g2zI7OtCMUHZGG0Rs=
14,-208,gTywRaPki7ZcHqszwblvf4DlP2Q=,gku1cvW8t0g2zI7OtCMUHZGG0Rs=
4,-196,gTywRaPki7ZcHqszwblvf4DlP2Q=,gku1cvW8t0g2zI7OtCMUHZGG0Rs=
3,-196,gTywRaPki7ZcHqszwblvf4DlP2Q=,gku1cvW8t0g2zI7OtCMUHZGG0Rs=
2,-196,gTywRaPki7ZcHqszwblvf4DlP2Q=,gku1cvW8t0g2zI7OtCMUHZGG0Rs=
1,-196,gTywRaPki7ZcHqszwblvf4DlP2Q=,gku1cvW8t0g2zI7OtCMUHZGG0Rs=
11,-207,gTywRaPki7ZcHqszwblvf4DlP2Q=,gku1cvW8t0g2zI7OtCMUHZGG0Rs=
0,-196,gTywRaPki7ZcHqszwblvf4DlP2Q=,gku1cvW8t0g2zI7OtCMUHZGG0Rs=
15,-197,gTywRaPki7ZcHqszwblvf4DlP2Q=,gku1cvW8t0g2zI7OtCMUHZGG0Rs=
14,-197,gTywRaPki7ZcHqszwblvf4DlP2Q=,gku1cvW8t0g2zI7OtCMUHZGG0Rs=
13,-197,gTywRaPki7ZcHqszwblvf4DlP2Q=,gku1cvW8t0g2zI7OtCMUHZGG0Rs=
12,-197,gTywRaPki7ZcHqszwblvf4DlP2Q=,gku1cvW8t0g2zI7OtCMUHZGG0Rs=
11,-197,gTywRaPki7ZcHqszwblvf4DlP2Q=,gku1cvW8t0g2zI7OtCMUHZGG0Rs=
7,-205,gTywRaPki7ZcHqszwblvf4DlP2Q=,gku1cvW8t0g2zI7OtCMUHZGG0Rs=
9,-197,gTywRaPki7ZcHqszwblvf4DlP2Q=,gku1cvW8t0g2zI7OtCMUHZGG0Rs=
6,-208,gTywRaPki7ZcHqszwblvf4DlP2Q=,gku1cvW8t0g2zI7OtCMUHZGG0Rs=
12,-204,gTywRaPki7ZcHqszwblvf4DlP2Q=,gku1cvW8t0g2zI7OtCMUHZGG0Rs=
13,-204,gTywRaPki7ZcHqszwblvf4DlP2Q=,gku1cvW8t0g2zI7OtCMUHZGG0Rs=
15,-204,gTywRaPki7ZcHqszwblvf4DlP2Q=,gku1cvW8t0g2zI7OtCMUHZGG0Rs=
14,-204,gTywRaPki7ZcHqszwblvf4DlP2Q=,gku1cvW8t0g2zI7OtCMUHZGG0Rs=
0,-203,gTywRaPki7ZcHqszwblvf4DlP2Q=,gku1cvW8t0g2zI7OtCMUHZGG0Rs=
10,-197,gTywRaPki7ZcHqszwblvf4DlP2Q=,gku1cvW8t0g2zI7OtCMUHZGG0Rs=
7,-197,gTywRaPki7ZcHqszwblvf4DlP2Q=,gku1cvW8t0g2zI7OtCMUHZGG0Rs=
6,-197,gTywRaPki7ZcHqszwblvf4DlP2Q=,gku1cvW8t0g2zI7OtCMUHZGG0Rs=
5,-197,gTywRaPki7ZcHqszwblvf4DlP2Q=,gku1cvW8t0g2zI7OtCMUHZGG0Rs=
13,-208,gTywRaPki7ZcHqszwblvf4DlP2Q=,gku1cvW8t0g2zI7OtCMUHZGG0Rs=
3,-207,gTywRaPki7ZcHqszwblvf4DlP2Q=,gku1cvW8t0g2zI7OtCMUHZGG0Rs=
8,-197,gTywRaPki7ZcHqszwblvf4DlP2Q=,gku1cvW8t0g2zI7OtCMUHZGG0Rs=
6,-205,gTywRaPki7ZcHqszwblvf4DlP2Q=,gku1cvW8t0g2zI7OtCMUHZGG0Rs=
3,-197,gTywRaPki7ZcHqszwblvf4DlP2Q=,gku1cvW8t0g2zI7OtCMUHZGG0Rs=
2,-197,gTywRaPki7ZcHqszwblvf4DlP2Q=,gku1cvW8t0g2zI7OtCMUHZGG0Rs=
1,-197,gTywRaPki7ZcHqszwblvf4DlP2Q=,gku1cvW8t0g2zI7OtCMUHZGG0Rs=
10,-207,gTywRaPki7ZcHqszwblvf4DlP2Q=,gku1cvW8t0g2zI7OtCMUHZGG0Rs=
0,-197,gTywRaPki7ZcHqszwblvf4DlP2Q=,gku1cvW8t0g2zI7OtCMUHZGG0Rs=
15,-198,gTywRaPki7ZcHqszwblvf4DlP2Q=,gku1cvW8t0g2zI7OtCMUHZGG0Rs=
14,-198,gTywRaPki7ZcHqszwblvf4DlP2Q=,gku1cvW8t0g2zI7OtCMUHZGG0Rs=
13,-198,gTywRaPki7ZcHqszwblvf4DlP2Q=,gku1cvW8t0g2zI7OtCMUHZGG0Rs=
12,-198,gTywRaPki7ZcHqszwblvf4DlP2Q=,gku1cvW8t0g2zI7OtCMUHZGG0Rs=
11,-198,gTywRaPki7ZcHqszwblvf4DlP2Q=,gku1cvW8t0g2zI7OtCMUHZGG0Rs=
4,-197,gTywRaPki7ZcHqszwblvf4DlP2Q=,gku1cvW8t0g2zI7OtCMUHZGG0Rs=
9,-198,gTywRaPki7ZcHqszwblvf4DlP2Q=,gku1cvW8t0g2zI7OtCMUHZGG0Rs=
10,-198,gTywRaPki7ZcHqszwblvf4DlP2Q=,gku1cvW8t0g2zI7OtCMUHZGG0Rs=
1,-203,gTywRaPki7ZcHqszwblvf4DlP2Q=,gku1cvW8t0g2zI7OtCMUHZGG0Rs=
7,-198,gTywRaPki7ZcHqszwblvf4DlP2Q=,gku1cvW8t0g2zI7OtCMUHZGG0Rs=
6,-198,gTywRaPki7ZcHqszwblvf4DlP2Q=,gku1cvW8t0g2zI7OtCMUHZGG0Rs=
12,-208,gTywRaPki7ZcHqszwblvf4DlP2Q=,gku1cvW8t0g2zI7OtCMUHZGG0Rs=
2,-203,gTywRaPki7ZcHqszwblvf4DlP2Q=,gku1cvW8t0g2zI7OtCMUHZGG0Rs=
8,-198,gTywRaPki7ZcHqszwblvf4DlP2Q=,gku1cvW8t0g2zI7OtCMUHZGG0Rs=
5,-198,gTywRaPki7ZcHqszwblvf4DlP2Q=,gku1cvW8t0g2zI7OtCMUHZGG0Rs=
4,-198,gTywRaPki7ZcHqszwblvf4DlP2Q=,gku1cvW8t0g2zI7OtCMUHZGG0Rs=
3,-198,gTywRaPki7ZcHqszwblvf4DlP2Q=,gku1cvW8t0g2zI7OtCMUHZGG0Rs=
2,-198,gTywRaPki7ZcHqszwblvf4DlP2Q=,gku1cvW8t0g2zI7OtCMUHZGG0Rs=
1,-198,gTywRaPki7ZcHqszwblvf4DlP2Q=,gku1cvW8t0g2zI7OtCMUHZGG0Rs=
5,-205,gTywRaPki7ZcHqszwblvf4DlP2Q=,gku1cvW8t0g2zI7OtCMUHZGG0Rs=
0,-198,gTywRaPki7ZcHqszwblvf4DlP2Q=,gku1cvW8t0g2zI7OtCMUHZGG0Rs=
15,-199,gTywRaPki7ZcHqszwblvf4DlP2Q=,gku1cvW8t0g2zI7OtCMUHZGG0Rs=
14,-199,gTywRaPki7ZcHqszwblvf4DlP2Q=,gku1cvW8t0g2zI7OtCMUHZGG0Rs=
13,-199,gTywRaPki7ZcHqszwblvf4DlP2Q=,gku1cvW8t0g2zI7OtCMUHZGG0Rs=
12,-199,gTywRaPki7ZcHqszwblvf4DlP2Q=,gku1cvW8t0g2zI7OtCMUHZGG0Rs=
9,-207,gTywRaPki7ZcHqszwblvf4DlP2Q=,gku1cvW8t0g2zI7OtCMUHZGG0Rs=
3,-203,gTywRaPki7ZcHqszwblvf4DlP2Q=,gku1cvW8t0g2zI7OtCMUHZGG0Rs=
4,-203,gTywRaPki7ZcHqszwblvf4DlP2Q=,gku1cvW8t0g2zI7OtCMUHZGG0Rs=
11,-199,gTywRaPki7ZcHqszwblvf4DlP2Q=,gku1cvW8t0g2zI7OtCMUHZGG0Rs=
10,-199,gTywRaPki7ZcHqszwblvf4DlP2Q=,gku1cvW8t0g2zI7OtCMUHZGG0Rs=
5,-203,gTywRaPki7ZcHqszwblvf4DlP2Q=,gku1cvW8t0g2zI7OtCMUHZGG0Rs=
8,-199,gTywRaPki7ZcHqszwblvf4DlP2Q=,gku1cvW8t0g2zI7OtCMUHZGG0Rs=
9,-199,gTywRaPki7ZcHqszwblvf4DlP2Q=,gku1cvW8t0g2zI7OtCMUHZGG0Rs=
11,-208,gTywRaPki7ZcHqszwblvf4DlP2Q=,gku1cvW8t0g2zI7OtCMUHZGG0Rs=
0,-208,gTywRaPki7ZcHqszwblvf4DlP2Q=,gku1cvW8t0g2zI7OtCMUHZGG0Rs=
7,-199,gTywRaPki7ZcHqszwblvf4DlP2Q=,gku1cvW8t0g2zI7OtCMUHZGG0Rs=
6,-199,gTywRaPki7ZcHqszwblvf4DlP2Q=,gku1cvW8t0g2zI7OtCMUHZGG0Rs=
5,-199,gTywRaPki7ZcHqszwblvf4DlP2Q=,gku1cvW8t0g2zI7OtCMUHZGG0Rs=
4,-199,gTywRaPki7ZcHqszwblvf4DlP2Q=,gku1cvW8t0g2zI7OtCMUHZGG0Rs=
3,-199,gTywRaPki7ZcHqszwblvf4DlP2Q=,gku1cvW8t0g2zI7OtCMUHZGG0Rs=
2,-199,gTywRaPki7ZcHqszwblvf4DlP2Q=,gku1cvW8t0g2zI7OtCMUHZGG0Rs=
1,-199,gTywRaPki7ZcHqszwblvf4DlP2Q=,gku1cvW8t0g2zI7OtCMUHZGG0Rs=
8,-207,gTywRaPki7ZcHqszwblvf4DlP2Q=,gku1cvW8t0g2zI7OtCMUHZGG0Rs=
0,-199,gTywRaPki7ZcHqszwblvf4DlP2Q=,gku1cvW8t0g2zI7OtCMUHZGG0Rs=
15,-200,gTywRaPki7ZcHqszwblvf4DlP2Q=,gku1cvW8t0g2zI7OtCMUHZGG0Rs=
14,-200,gTywRaPki7ZcHqszwblvf4DlP2Q=,gku1cvW8t0g2zI7OtCMUHZGG0Rs=
13,-200,gTywRaPki7ZcHqszwblvf4DlP2Q=,gku1cvW8t0g2zI7OtCMUHZGG0Rs=
4,-205,gTywRaPki7ZcHqszwblvf4DlP2Q=,gku1cvW8t0g2zI7OtCMUHZGG0Rs=
12,-200,gTywRaPki7ZcHqszwblvf4DlP2Q=,gku1cvW8t0g2zI7OtCMUHZGG0Rs=
11,-200,gTywRaPki7ZcHqszwblvf4DlP2Q=,gku1cvW8t0g2zI7OtCMUHZGG0Rs=
9,-200,gTywRaPki7ZcHqszwblvf4DlP2Q=,gku1cvW8t0g2zI7OtCMUHZGG0Rs=
6,-203,gTywRaPki7ZcHqszwblvf4DlP2Q=,gku1cvW8t0g2zI7OtCMUHZGG0Rs=
10,-200,gTywRaPki7ZcHqszwblvf4DlP2Q=,gku1cvW8t0g2zI7OtCMUHZGG0Rs=
10,-208,gTywRaPki7ZcHqszwblvf4DlP2Q=,gku1cvW8t0g2zI7OtCMUHZGG0Rs=
3,-205,gTywRaPki7ZcHqszwblvf4DlP2Q=,gku1cvW8t0g2zI7OtCMUHZGG0Rs=
7,-200,gTywRaPki7ZcHqszwblvf4DlP2Q=,gku1cvW8t0g2zI7OtCMUHZGG0Rs=
7,-203,gTywRaPki7ZcHqszwblvf4DlP2Q=,gku1cvW8t0g2zI7OtCMUHZGG0Rs=
6,-200,gTywRaPki7ZcHqszwblvf4DlP2Q=,gku1cvW8t0g2zI7OtCMUHZGG0Rs=
8,-200,gTywRaPki7ZcHqszwblvf4DlP2Q=,gku1cvW8t0g2zI7OtCMUHZGG0Rs=
5,-200,gTywRaPki7ZcHqszwblvf4DlP2Q=,gku1cvW8t0g2zI7OtCMUHZGG0Rs=
3,-200,gTywRaPki7ZcHqszwblvf4DlP2Q=,gku1cvW8t0g2zI7OtCMUHZGG0Rs=
2,-200,gTywRaPki7ZcHqszwblvf4DlP2Q=,gku1cvW8t0g2zI7OtCMUHZGG0Rs=
1,-200,gTywRaPki7ZcHqszwblvf4DlP2Q=,gku1cvW8t0g2zI7OtCMUHZGG0Rs=
4,-200,gTywRaPki7ZcHqszwblvf4DlP2Q=,gku1cvW8t0g2zI7OtCMUHZGG0Rs=
8,-203,gTywRaPki7ZcHqszwblvf4DlP2Q=,gku1cvW8t0g2zI7OtCMUHZGG0Rs=
0,-200,gTywRaPki7ZcHqszwblvf4DlP2Q=,gku1cvW8t0g2zI7OtCMUHZGG0Rs=
15,-201,gTywRaPki7ZcHqszwblvf4DlP2Q=,gku1cvW8t0g2zI7OtCMUHZGG0Rs=
13,-201,gTywRaPki7ZcHqszwblvf4DlP2Q=,gku1cvW8t0g2zI7OtCMUHZGG0Rs=
12,-201,gTywRaPki7ZcHqszwblvf4DlP2Q=,gku1cvW8t0g2zI7OtCMUHZGG0Rs=
14,-201,gTywRaPki7ZcHqszwblvf4DlP2Q=,gku1cvW8t0g2zI7OtCMUHZGG0Rs=
11,-201,gTywRaPki7ZcHqszwblvf4DlP2Q=,gku1cvW8t0g2zI7OtCMUHZGG0Rs=
9,-203,gTywRaPki7ZcHqszwblvf4DlP2Q=,gku1cvW8t0g2zI7OtCMUHZGG0Rs=
10,-201,gTywRaPki7ZcHqszwblvf4DlP2Q=,gku1cvW8t0g2zI7OtCMUHZGG0Rs=
9,-201,gTywRaPki7ZcHqszwblvf4DlP2Q=,gku1cvW8t0g2zI7OtCMUHZGG0Rs=
9,-208,gTywRaPki7ZcHqszwblvf4DlP2Q=,gku1cvW8t0g2zI7OtCMUHZGG0Rs=
7,-207,gTywRaPki7ZcHqszwblvf4DlP2Q=,gku1cvW8t0g2zI7OtCMUHZGG0Rs=
10,-203,gTywRaPki7ZcHqszwblvf4DlP2Q=,gku1cvW8t0g2zI7OtCMUHZGG0Rs=
0,-205,gTywRaPki7ZcHqszwblvf4DlP2Q=,gku1cvW8t0g2zI7OtCMUHZGG0Rs=
8,-201,gTywRaPki7ZcHqszwblvf4DlP2Q=,gku1cvW8t0g2zI7OtCMUHZGG0Rs=
4,-207,gTywRaPki7ZcHqszwblvf4DlP2Q=,gku1cvW8t0g2zI7OtCMUHZGG0Rs=
7,-201,gTywRaPki7ZcHqszwblvf4DlP2Q=,gku1cvW8t0g2zI7OtCMUHZGG0Rs=
6,-201,gTywRaPki7ZcHqszwblvf4DlP2Q=,gku1cvW8t0g2zI7OtCMUHZGG0Rs=
7,-208,gTywRaPki7ZcHqszwblvf4DlP2Q=,gku1cvW8t0g2zI7OtCMUHZGG0Rs=
5,-201,gTywRaPki7ZcHqszwblvf4DlP2Q=,gku1cvW8t0g2zI7OtCMUHZGG0Rs=
11,-203,gTywRaPki7ZcHqszwblvf4DlP2Q=,gku1cvW8t0g2zI7OtCMUHZGG0Rs=
12,-203,gTywRaPki7ZcHqszwblvf4DlP2Q=,gku1cvW8t0g2zI7OtCMUHZGG0Rs=
13,-203,gTywRaPki7ZcHqszwblvf4DlP2Q=,gku1cvW8t0g2zI7OtCMUHZGG0Rs=
14,-203,gTywRaPki7ZcHqszwblvf4DlP2Q=,gku1cvW8t0g2zI7OtCMUHZGG0Rs=
15,-203,gTywRaPki7ZcHqszwblvf4DlP2Q=,gku1cvW8t0g2zI7OtCMUHZGG0Rs=
0,-202,gTywRaPki7ZcHqszwblvf4DlP2Q=,gku1cvW8t0g2zI7OtCMUHZGG0Rs=
2,-205,gTywRaPki7ZcHqszwblvf4DlP2Q=,gku1cvW8t0g2zI7OtCMUHZGG0Rs=
3,-201,gTywRaPki7ZcHqszwblvf4DlP2Q=,gku1cvW8t0g2zI7OtCMUHZGG0Rs=
2,-201,gTywRaPki7ZcHqszwblvf4DlP2Q=,gku1cvW8t0g2zI7OtCMUHZGG0Rs=
1,-201,gTywRaPki7ZcHqszwblvf4DlP2Q=,gku1cvW8t0g2zI7OtCMUHZGG0Rs=
4,-201,gTywRaPki7ZcHqszwblvf4DlP2Q=,gku1cvW8t0g2zI7OtCMUHZGG0Rs=
0,-201,gTywRaPki7ZcHqszwblvf4DlP2Q=,gku1cvW8t0g2zI7OtCMUHZGG0Rs=
15,-202,gTywRaPki7ZcHqszwblvf4DlP2Q=,gku1cvW8t0g2zI7OtCMUHZGG0Rs=
14,-202,gTywRaPki7ZcHqszwblvf4DlP2Q=,gku1cvW8t0g2zI7OtCMUHZGG0Rs=
13,-202,gTywRaPki7ZcHqszwblvf4DlP2Q=,gku1cvW8t0g2zI7OtCMUHZGG0Rs=
12,-202,gTywRaPki7ZcHqszwblvf4DlP2Q=,gku1cvW8t0g2zI7OtCMUHZGG0Rs=
5,-207,gTywRaPki7ZcHqszwblvf4DlP2Q=,gku1cvW8t0g2zI7OtCMUHZGG0Rs=
6,-207,gTywRaPki7ZcHqszwblvf4DlP2Q=,gku1cvW8t0g2zI7OtCMUHZGG0Rs=
1,-202,gTywRaPki7ZcHqszwblvf4DlP2Q=,gku1cvW8t0g2zI7OtCMUHZGG0Rs=
2,-202,gTywRaPki7ZcHqszwblvf4DlP2Q=,gku1cvW8t0g2zI7OtCMUHZGG0Rs=
3,-202,gTywRaPki7ZcHqszwblvf4DlP2Q=,gku1cvW8t0g2zI7OtCMUHZGG0Rs=
4,-202,gTywRaPki7ZcHqszwblvf4DlP2Q=,gku1cvW8t0g2zI7OtCMUHZGG0Rs=
11,-202,gTywRaPki7ZcHqszwblvf4DlP2Q=,gku1cvW8t0g2zI7OtCMUHZGG0Rs=
8,-208,gTywRaPki7ZcHqszwblvf4DlP2Q=,gku1cvW8t0g2zI7OtCMUHZGG0Rs=
10,-202,gTywRaPki7ZcHqszwblvf4DlP2Q=,gku1cvW8t0g2zI7OtCMUHZGG0Rs=
5,-202,gTywRaPki7ZcHqszwblvf4DlP2Q=,gku1cvW8t0g2zI7OtCMUHZGG0Rs=
9,-202,gTywRaPki7ZcHqszwblvf4DlP2Q=,gku1cvW8t0g2zI7OtCMUHZGG0Rs=
6,-202,gTywRaPki7ZcHqszwblvf4DlP2Q=,gku1cvW8t0g2zI7OtCMUHZGG0Rs=
1,-205,gTywRaPki7ZcHqszwblvf4DlP2Q=,gku1cvW8t0g2zI7OtCMUHZGG0Rs=
8,-202,gTywRaPki7ZcHqszwblvf4DlP2Q=,gku1cvW8t0g2zI7OtCMUHZGG0Rs=
7,-202,gTywRaPki7ZcHqszwblvf4DlP2Q=,gku1cvW8t0g2zI7OtCMUHZGG0Rs=
