-36,-43,AbmdSvssVAQzx8OzYroBUGH9mgA=,mG76hn8PM67wId4AF6b/mDEcaeg=
-37,-43,AbmdSvssVAQzx8OzYroBUGH9mgA=,mG76hn8PM67wId4AF6b/mDEcaeg=
-38,-43,AbmdSvssVAQzx8OzYroBUGH9mgA=,mG76hn8PM67wId4AF6b/mDEcaeg=
-34,-44,AbmdSvssVAQzx8OzYroBUGH9mgA=,mG76hn8PM67wId4AF6b/mDEcaeg=
-35,-44,AbmdSvssVAQzx8OzYroBUGH9mgA=,mG76hn8PM67wId4AF6b/mDEcaeg=
-36,-44,AbmdSvssVAQzx8OzYroBUGH9mgA=,mG76hn8PM67wId4AF6b/mDEcaeg=
-37,-44,AbmdSvssVAQzx8OzYroBUGH9mgA=,mG76hn8PM67wId4AF6b/mDEcaeg=
-38,-44,AbmdSvssVAQzx8OzYroBUGH9mgA=,mG76hn8PM67wId4AF6b/mDEcaeg=
-39,-43,AbmdSvssVAQzx8OzYroBUGH9mgA=,mG76hn8PM67wId4AF6b/mDEcaeg=
-39,-44,AbmdSvssVAQzx8OzYroBUGH9mgA=,mG76hn8PM67wId4AF6b/mDEcaeg=
-34,-45,AbmdSvssVAQzx8OzYroBUGH9mgA=,mG76hn8PM67wId4AF6b/mDEcaeg=
-35,-45,AbmdSvssVAQzx8OzYroBUGH9mgA=,mG76hn8PM67wId4AF6b/mDEcaeg=
-36,-45,AbmdSvssVAQzx8OzYroBUGH9mgA=,mG76hn8PM67wId4AF6b/mDEcaeg=
-37,-45,AbmdSvssVAQzx8OzYroBUGH9mgA=,mG76hn8PM67wId4AF6b/mDEcaeg=
-39,-45,AbmdSvssVAQzx8OzYroBUGH9mgA=,mG76hn8PM67wId4AF6b/mDEcaeg=
-38,-45,AbmdSvssVAQzx8OzYroBUGH9mgA=,mG76hn8PM67wId4AF6b/mDEcaeg=
-34,-46,AbmdSvssVAQzx8OzYroBUGH9mgA=,mG76hn8PM67wId4AF6b/mDEcaeg=
-35,-46,AbmdSvssVAQzx8OzYroBUGH9mgA=,mG76hn8PM67wId4AF6b/mDEcaeg=
-36,-46,AbmdSvssVAQzx8OzYroBUGH9mgA=,mG76hn8PM67wId4AF6b/mDEcaeg=
-37,-46,AbmdSvssVAQzx8OzYroBUGH9mgA=,mG76hn8PM67wId4AF6b/mDEcaeg=
-38,-46,AbmdSvssVAQzx8OzYroBUGH9mgA=,mG76hn8PM67wId4AF6b/mDEcaeg=
-39,-46,AbmdSvssVAQzx8OzYroBUGH9mgA=,mG76hn8PM67wId4AF6b/mDEcaeg=
-34,-47,AbmdSvssVAQzx8OzYroBUGH9mgA=,mG76hn8PM67wId4AF6b/mDEcaeg=
-35,-47,AbmdSvssVAQzx8OzYroBUGH9mgA=,mG76hn8PM67wId4AF6b/mDEcaeg=
-36,-47,AbmdSvssVAQzx8OzYroBUGH9mgA=,mG76hn8PM67wId4AF6b/mDEcaeg=
-37,-47,AbmdSvssVAQzx8OzYroBUGH9mgA=,mG76hn8PM67wId4AF6b/mDEcaeg=
-38,-47,XXvA6aae9FPVJbfu8qcL2hfsYOQ=,mG76hn8PM67wId4AF6b/mDEcaeg=
-39,-47,XXvA6aae9FPVJbfu8qcL2hfsYOQ=,mG76hn8PM67wId4AF6b/mDEcaeg=
-34,-42,XXvA6aae9FPVJbfu8qcL2hfsYOQ=,mG76hn8PM67wId4AF6b/mDEcaeg=
-35,-42,XXvA6aae9FPVJbfu8qcL2hfsYOQ=,mG76hn8PM67wId4AF6b/mDEcaeg=
-36,-42,XXvA6aae9FPVJbfu8qcL2hfsYOQ=,mG76hn8PM67wId4AF6b/mDEcaeg=
-37,-42,XXvA6aae9FPVJbfu8qcL2hfsYOQ=,mG76hn8PM67wId4AF6b/mDEcaeg=
-38,-42,XXvA6aae9FPVJbfu8qcL2hfsYOQ=,mG76hn8PM67wId4AF6b/mDEcaeg=
-34,-43,XXvA6aae9FPVJbfu8qcL2hfsYOQ=,mG76hn8PM67wId4AF6b/mDEcaeg=
-35,-43,XXvA6aae9FPVJbfu8qcL2hfsYOQ=,mG76hn8PM67wId4AF6b/mDEcaeg=
-39,-42,XXvA6aae9FPVJbfu8qcL2hfsYOQ=,mG76hn8PM67wId4AF6b/mDEcaeg=
-44,-45,XXvA6aae9FPVJbfu8qcL2hfsYOQ=,sUM6jHV40k184WgZPJTWIR4YJnc=
-43,-45,XXvA6aae9FPVJbfu8qcL2hfsYOQ=,sUM6jHV40k184WgZPJTWIR4YJnc=
-42,-45,XXvA6aae9FPVJbfu8qcL2hfsYOQ=,sUM6jHV40k184WgZPJTWIR4YJnc=
-41,-45,XXvA6aae9FPVJbfu8qcL2hfsYOQ=,sUM6jHV40k184WgZPJTWIR4YJnc=
-45,-45,XXvA6aae9FPVJbfu8qcL2hfsYOQ=,sUM6jHV40k184WgZPJTWIR4YJnc=
-46,-45,XXvA6aae9FPVJbfu8qcL2hfsYOQ=,sUM6jHV40k184WgZPJTWIR4YJnc=
-47,-45,XXvA6aae9FPVJbfu8qcL2hfsYOQ=,sUM6jHV40k184WgZPJTWIR4YJnc=
-41,-46,XXvA6aae9FPVJbfu8qcL2hfsYOQ=,sUM6jHV40k184WgZPJTWIR4YJnc=
-42,-46,XXvA6aae9FPVJbfu8qcL2hfsYOQ=,sUM6jHV40k184WgZPJTWIR4YJnc=
-40,-43,XXvA6aae9FPVJbfu8qcL2hfsYOQ=,mG76hn8PM67wId4AF6b/mDEcaeg=
-43,-46,XXvA6aae9FPVJbfu8qcL2hfsYOQ=,sUM6jHV40k184WgZPJTWIR4YJnc=
-44,-46,XXvA6aae9FPVJbfu8qcL2hfsYOQ=,sUM6jHV40k184WgZPJTWIR4YJnc=
-45,-46,XXvA6aae9FPVJbfu8qcL2hfsYOQ=,sUM6jHV40k184WgZPJTWIR4YJnc=
-46,-46,XXvA6aae9FPVJbfu8qcL2hfsYOQ=,sUM6jHV40k184WgZPJTWIR4YJnc=
-47,-46,XXvA6aae9FPVJbfu8qcL2hfsYOQ=,sUM6jHV40k184WgZPJTWIR4YJnc=
-41,-47,XXvA6aae9FPVJbfu8qcL2hfsYOQ=,sUM6jHV40k184WgZPJTWIR4YJnc=
-41,-42,XXvA6aae9FPVJbfu8qcL2hfsYOQ=,sUM6jHV40k184WgZPJTWIR4YJnc=
-42,-42,XXvA6aae9FPVJbfu8qcL2hfsYOQ=,sUM6jHV40k184WgZPJTWIR4YJnc=
-42,-47,XXvA6aae9FPVJbfu8qcL2hfsYOQ=,sUM6jHV40k184WgZPJTWIR4YJnc=
-40,-44,XXvA6aae9FPVJbfu8qcL2hfsYOQ=,mG76hn8PM67wId4AF6b/mDEcaeg=
-43,-42,XXvA6aae9FPVJbfu8qcL2hfsYOQ=,sUM6jHV40k184WgZPJTWIR4YJnc=
-44,-42,XXvA6aae9FPVJbfu8qcL2hfsYOQ=,sUM6jHV40k184WgZPJTWIR4YJnc=
-45,-42,XXvA6aae9FPVJbfu8qcL2hfsYOQ=,sUM6jHV40k184WgZPJTWIR4YJnc=
-46,-42,XXvA6aae9FPVJbfu8qcL2hfsYOQ=,sUM6jHV40k184WgZPJTWIR4YJnc=
-40,-45,XXvA6aae9FPVJbfu8qcL2hfsYOQ=,mG76hn8PM67wId4AF6b/mDEcaeg=
-47,-42,XXvA6aae9FPVJbfu8qcL2hfsYOQ=,sUM6jHV40k184WgZPJTWIR4YJnc=
-44,-47,XXvA6aae9FPVJbfu8qcL2hfsYOQ=,sUM6jHV40k184WgZPJTWIR4YJnc=
-43,-47,XXvA6aae9FPVJbfu8qcL2hfsYOQ=,sUM6jHV40k184WgZPJTWIR4YJnc=
-45,-47,XXvA6aae9FPVJbfu8qcL2hfsYOQ=,sUM6jHV40k184WgZPJTWIR4YJnc=
-40,-46,XXvA6aae9FPVJbfu8qcL2hfsYOQ=,mG76hn8PM67wId4AF6b/mDEcaeg=
-46,-47,XXvA6aae9FPVJbfu8qcL2hfsYOQ=,sUM6jHV40k184WgZPJTWIR4YJnc=
-42,-43,XXvA6aae9FPVJbfu8qcL2hfsYOQ=,sUM6jHV40k184WgZPJTWIR4YJnc=
-47,-47,XXvA6aae9FPVJbfu8qcL2hfsYOQ=,sUM6jHV40k184WgZPJTWIR4YJnc=
-41,-43,XXvA6aae9FPVJbfu8qcL2hfsYOQ=,sUM6jHV40k184WgZPJTWIR4YJnc=
-40,-47,XXvA6aae9FPVJbfu8qcL2hfsYOQ=,mG76hn8PM67wId4AF6b/mDEcaeg=
-43,-43,XXvA6aae9FPVJbfu8qcL2hfsYOQ=,sUM6jHV40k184WgZPJTWIR4YJnc=
-44,-43,XXvA6aae9FPVJbfu8qcL2hfsYOQ=,sUM6jHV40k184WgZPJTWIR4YJnc=
-45,-43,XXvA6aae9FPVJbfu8qcL2hfsYOQ=,sUM6jHV40k184WgZPJTWIR4YJnc=
-46,-43,XXvA6aae9FPVJbfu8qcL2hfsYOQ=,sUM6jHV40k184WgZPJTWIR4YJnc=
-47,-43,XXvA6aae9FPVJbfu8qcL2hfsYOQ=,sUM6jHV40k184WgZPJTWIR4YJnc=
-41,-44,XXvA6aae9FPVJbfu8qcL2hfsYOQ=,sUM6jHV40k184WgZPJTWIR4YJnc=
-42,-44,XXvA6aae9FPVJbfu8qcL2hfsYOQ=,sUM6jHV40k184WgZPJTWIR4YJnc=
-44,-44,XXvA6aae9FPVJbfu8qcL2hfsYOQ=,sUM6jHV40k184WgZPJTWIR4YJnc=
-45,-44,XXvA6aae9FPVJbfu8qcL2hfsYOQ=,sUM6jHV40k184WgZPJTWIR4YJnc=
-46,-44,XXvA6aae9FPVJbfu8qcL2hfsYOQ=,sUM6jHV40k184WgZPJTWIR4YJnc=
-47,-44,XXvA6aae9FPVJbfu8qcL2hfsYOQ=,sUM6jHV40k184WgZPJTWIR4YJnc=
-40,-42,XXvA6aae9FPVJbfu8qcL2hfsYOQ=,mG76hn8PM67wId4AF6b/mDEcaeg=
-43,-44,XXvA6aae9FPVJbfu8qcL2hfsYOQ=,sUM6jHV40k184WgZPJTWIR4YJnc=
-44,-37,XXvA6aae9FPVJbfu8qcL2hfsYOQ=,ao9pY87duoZ47PRs7Q3asV7qAG8=
-43,-37,XXvA6aae9FPVJbfu8qcL2hfsYOQ=,ao9pY87duoZ47PRs7Q3asV7qAG8=
-42,-37,XXvA6aae9FPVJbfu8qcL2hfsYOQ=,ao9pY87duoZ47PRs7Q3asV7qAG8=
-47,-36,XXvA6aae9FPVJbfu8qcL2hfsYOQ=,ao9pY87duoZ47PRs7Q3asV7qAG8=
-46,-36,XXvA6aae9FPVJbfu8qcL2hfsYOQ=,ao9pY87duoZ47PRs7Q3asV7qAG8=
-45,-36,XXvA6aae9FPVJbfu8qcL2hfsYOQ=,ao9pY87duoZ47PRs7Q3asV7qAG8=
-44,-36,XXvA6aae9FPVJbfu8qcL2hfsYOQ=,ao9pY87duoZ47PRs7Q3asV7qAG8=
-43,-36,XXvA6aae9FPVJbfu8qcL2hfsYOQ=,ao9pY87duoZ47PRs7Q3asV7qAG8=
-42,-36,XXvA6aae9FPVJbfu8qcL2hfsYOQ=,ao9pY87duoZ47PRs7Q3asV7qAG8=
-45,-37,XXvA6aae9FPVJbfu8qcL2hfsYOQ=,ao9pY87duoZ47PRs7Q3asV7qAG8=
-47,-35,XXvA6aae9FPVJbfu8qcL2hfsYOQ=,ao9pY87duoZ47PRs7Q3asV7qAG8=
-46,-35,XXvA6aae9FPVJbfu8qcL2hfsYOQ=,ao9pY87duoZ47PRs7Q3asV7qAG8=
-47,-40,XXvA6aae9FPVJbfu8qcL2hfsYOQ=,ao9pY87duoZ47PRs7Q3asV7qAG8=
-46,-40,XXvA6aae9FPVJbfu8qcL2hfsYOQ=,ao9pY87duoZ47PRs7Q3asV7qAG8=
-46,-37,XXvA6aae9FPVJbfu8qcL2hfsYOQ=,ao9pY87duoZ47PRs7Q3asV7qAG8=
-45,-40,XXvA6aae9FPVJbfu8qcL2hfsYOQ=,ao9pY87duoZ47PRs7Q3asV7qAG8=
-42,-41,XXvA6aae9FPVJbfu8qcL2hfsYOQ=,sUM6jHV40k184WgZPJTWIR4YJnc=
-44,-40,XXvA6aae9FPVJbfu8qcL2hfsYOQ=,ao9pY87duoZ47PRs7Q3asV7qAG8=
-47,-37,XXvA6aae9FPVJbfu8qcL2hfsYOQ=,ao9pY87duoZ47PRs7Q3asV7qAG8=
-43,-40,XXvA6aae9FPVJbfu8qcL2hfsYOQ=,ao9pY87duoZ47PRs7Q3asV7qAG8=
-42,-40,XXvA6aae9FPVJbfu8qcL2hfsYOQ=,ao9pY87duoZ47PRs7Q3asV7qAG8=
-45,-35,XXvA6aae9FPVJbfu8qcL2hfsYOQ=,ao9pY87duoZ47PRs7Q3asV7qAG8=
-47,-39,XXvA6aae9FPVJbfu8qcL2hfsYOQ=,ao9pY87duoZ47PRs7Q3asV7qAG8=
-42,-38,XXvA6aae9FPVJbfu8qcL2hfsYOQ=,ao9pY87duoZ47PRs7Q3asV7qAG8=
-46,-39,XXvA6aae9FPVJbfu8qcL2hfsYOQ=,ao9pY87duoZ47PRs7Q3asV7qAG8=
-44,-35,XXvA6aae9FPVJbfu8qcL2hfsYOQ=,ao9pY87duoZ47PRs7Q3asV7qAG8=
-43,-41,XXvA6aae9FPVJbfu8qcL2hfsYOQ=,sUM6jHV40k184WgZPJTWIR4YJnc=
-45,-39,XXvA6aae9FPVJbfu8qcL2hfsYOQ=,ao9pY87duoZ47PRs7Q3asV7qAG8=
-44,-39,XXvA6aae9FPVJbfu8qcL2hfsYOQ=,ao9pY87duoZ47PRs7Q3asV7qAG8=
-43,-39,XXvA6aae9FPVJbfu8qcL2hfsYOQ=,ao9pY87duoZ47PRs7Q3asV7qAG8=
-42,-39,XXvA6aae9FPVJbfu8qcL2hfsYOQ=,ao9pY87duoZ47PRs7Q3asV7qAG8=
-43,-35,XXvA6aae9FPVJbfu8qcL2hfsYOQ=,ao9pY87duoZ47PRs7Q3asV7qAG8=
-47,-41,XXvA6aae9FPVJbfu8qcL2hfsYOQ=,sUM6jHV40k184WgZPJTWIR4YJnc=
-42,-35,XXvA6aae9FPVJbfu8qcL2hfsYOQ=,ao9pY87duoZ47PRs7Q3asV7qAG8=
-44,-41,XXvA6aae9FPVJbfu8qcL2hfsYOQ=,sUM6jHV40k184WgZPJTWIR4YJnc=
-47,-34,XXvA6aae9FPVJbfu8qcL2hfsYOQ=,ao9pY87duoZ47PRs7Q3asV7qAG8=
-46,-34,XXvA6aae9FPVJbfu8qcL2hfsYOQ=,ao9pY87duoZ47PRs7Q3asV7qAG8=
-45,-41,XXvA6aae9FPVJbfu8qcL2hfsYOQ=,sUM6jHV40k184WgZPJTWIR4YJnc=
-44,-38,XXvA6aae9FPVJbfu8qcL2hfsYOQ=,ao9pY87duoZ47PRs7Q3asV7qAG8=
-43,-38,XXvA6aae9FPVJbfu8qcL2hfsYOQ=,ao9pY87duoZ47PRs7Q3asV7qAG8=
-42,-34,XXvA6aae9FPVJbfu8qcL2hfsYOQ=,ao9pY87duoZ47PRs7Q3asV7qAG8=
-46,-41,XXvA6aae9FPVJbfu8qcL2hfsYOQ=,sUM6jHV40k184WgZPJTWIR4YJnc=
-45,-38,XXvA6aae9FPVJbfu8qcL2hfsYOQ=,ao9pY87duoZ47PRs7Q3asV7qAG8=
-43,-34,XXvA6aae9FPVJbfu8qcL2hfsYOQ=,ao9pY87duoZ47PRs7Q3asV7qAG8=
-44,-34,XXvA6aae9FPVJbfu8qcL2hfsYOQ=,ao9pY87duoZ47PRs7Q3asV7qAG8=
-47,-38,XXvA6aae9FPVJbfu8qcL2hfsYOQ=,ao9pY87duoZ47PRs7Q3asV7qAG8=
-45,-34,XXvA6aae9FPVJbfu8qcL2hfsYOQ=,ao9pY87duoZ47PRs7Q3asV7qAG8=
-46,-38,XXvA6aae9FPVJbfu8qcL2hfsYOQ=,ao9pY87duoZ47PRs7Q3asV7qAG8=
-40,-38,XXvA6aae9FPVJbfu8qcL2hfsYOQ=,HCariv4IrMSf3vj1RxFKHoGXxEQ=
-36,-40,XXvA6aae9FPVJbfu8qcL2hfsYOQ=,HCariv4IrMSf3vj1RxFKHoGXxEQ=
-34,-38,XXvA6aae9FPVJbfu8qcL2hfsYOQ=,HCariv4IrMSf3vj1RxFKHoGXxEQ=
-35,-40,XXvA6aae9FPVJbfu8qcL2hfsYOQ=,HCariv4IrMSf3vj1RxFKHoGXxEQ=
-34,-40,XXvA6aae9FPVJbfu8qcL2hfsYOQ=,HCariv4IrMSf3vj1RxFKHoGXxEQ=
-40,-37,XXvA6aae9FPVJbfu8qcL2hfsYOQ=,HCariv4IrMSf3vj1RxFKHoGXxEQ=
-39,-38,XXvA6aae9FPVJbfu8qcL2hfsYOQ=,HCariv4IrMSf3vj1RxFKHoGXxEQ=
-39,-37,XXvA6aae9FPVJbfu8qcL2hfsYOQ=,HCariv4IrMSf3vj1RxFKHoGXxEQ=
-38,-39,XXvA6aae9FPVJbfu8qcL2hfsYOQ=,HCariv4IrMSf3vj1RxFKHoGXxEQ=
-40,-40,XXvA6aae9FPVJbfu8qcL2hfsYOQ=,HCariv4IrMSf3vj1RxFKHoGXxEQ=
-41,-41,XXvA6aae9FPVJbfu8qcL2hfsYOQ=,sUM6jHV40k184WgZPJTWIR4YJnc=
-35,-38,XXvA6aae9FPVJbfu8qcL2hfsYOQ=,HCariv4IrMSf3vj1RxFKHoGXxEQ=
-41,-34,XXvA6aae9FPVJbfu8qcL2hfsYOQ=,ao9pY87duoZ47PRs7Q3asV7qAG8=
-41,-38,XXvA6aae9FPVJbfu8qcL2hfsYOQ=,ao9pY87duoZ47PRs7Q3asV7qAG8=
-39,-39,XXvA6aae9FPVJbfu8qcL2hfsYOQ=,HCariv4IrMSf3vj1RxFKHoGXxEQ=
-40,-41,XXvA6aae9FPVJbfu8qcL2hfsYOQ=,mG76hn8PM67wId4AF6b/mDEcaeg=
-41,-35,XXvA6aae9FPVJbfu8qcL2hfsYOQ=,ao9pY87duoZ47PRs7Q3asV7qAG8=
-41,-39,XXvA6aae9FPVJbfu8qcL2hfsYOQ=,ao9pY87duoZ47PRs7Q3asV7qAG8=
-40,-39,XXvA6aae9FPVJbfu8qcL2hfsYOQ=,HCariv4IrMSf3vj1RxFKHoGXxEQ=
-41,-40,XXvA6aae9FPVJbfu8qcL2hfsYOQ=,ao9pY87duoZ47PRs7Q3asV7qAG8=
-39,-41,XXvA6aae9FPVJbfu8qcL2hfsYOQ=,mG76hn8PM67wId4AF6b/mDEcaeg=
-38,-41,XXvA6aae9FPVJbfu8qcL2hfsYOQ=,mG76hn8PM67wId4AF6b/mDEcaeg=
-38,-38,XXvA6aae9FPVJbfu8qcL2hfsYOQ=,HCariv4IrMSf3vj1RxFKHoGXxEQ=
-38,-37,XXvA6aae9FPVJbfu8qcL2hfsYOQ=,HCariv4IrMSf3vj1RxFKHoGXxEQ=
-37,-41,XXvA6aae9FPVJbfu8qcL2hfsYOQ=,mG76hn8PM67wId4AF6b/mDEcaeg=
-36,-41,XXvA6aae9FPVJbfu8qcL2hfsYOQ=,mG76hn8PM67wId4AF6b/mDEcaeg=
-37,-37,XXvA6aae9FPVJbfu8qcL2hfsYOQ=,HCariv4IrMSf3vj1RxFKHoGXxEQ=
-35,-41,XXvA6aae9FPVJbfu8qcL2hfsYOQ=,mG76hn8PM67wId4AF6b/mDEcaeg=
-36,-37,XXvA6aae9FPVJbfu8qcL2hfsYOQ=,HCariv4IrMSf3vj1RxFKHoGXxEQ=
-34,-41,XXvA6aae9FPVJbfu8qcL2hfsYOQ=,mG76hn8PM67wId4AF6b/mDEcaeg=
-41,-37,XXvA6aae9FPVJbfu8qcL2hfsYOQ=,ao9pY87duoZ47PRs7Q3asV7qAG8=
-35,-37,XXvA6aae9FPVJbfu8qcL2hfsYOQ=,HCariv4IrMSf3vj1RxFKHoGXxEQ=
-34,-37,XXvA6aae9FPVJbfu8qcL2hfsYOQ=,HCariv4IrMSf3vj1RxFKHoGXxEQ=
-36,-34,XXvA6aae9FPVJbfu8qcL2hfsYOQ=,HCariv4IrMSf3vj1RxFKHoGXxEQ=
-34,-34,XXvA6aae9FPVJbfu8qcL2hfsYOQ=,HCariv4IrMSf3vj1RxFKHoGXxEQ=
-37,-40,XXvA6aae9FPVJbfu8qcL2hfsYOQ=,HCariv4IrMSf3vj1RxFKHoGXxEQ=
-37,-34,XXvA6aae9FPVJbfu8qcL2hfsYOQ=,HCariv4IrMSf3vj1RxFKHoGXxEQ=
-34,-39,XXvA6aae9FPVJbfu8qcL2hfsYOQ=,HCariv4IrMSf3vj1RxFKHoGXxEQ=
-38,-34,XXvA6aae9FPVJbfu8qcL2hfsYOQ=,HCariv4IrMSf3vj1RxFKHoGXxEQ=
-36,-38,XXvA6aae9FPVJbfu8qcL2hfsYOQ=,HCariv4IrMSf3vj1RxFKHoGXxEQ=
-39,-40,XXvA6aae9FPVJbfu8qcL2hfsYOQ=,HCariv4IrMSf3vj1RxFKHoGXxEQ=
-35,-34,XXvA6aae9FPVJbfu8qcL2hfsYOQ=,HCariv4IrMSf3vj1RxFKHoGXxEQ=
-38,-40,XXvA6aae9FPVJbfu8qcL2hfsYOQ=,HCariv4IrMSf3vj1RxFKHoGXxEQ=
-40,-36,XXvA6aae9FPVJbfu8qcL2hfsYOQ=,HCariv4IrMSf3vj1RxFKHoGXxEQ=
-40,-34,XXvA6aae9FPVJbfu8qcL2hfsYOQ=,HCariv4IrMSf3vj1RxFKHoGXxEQ=
-39,-34,XXvA6aae9FPVJbfu8qcL2hfsYOQ=,HCariv4IrMSf3vj1RxFKHoGXxEQ=
-35,-39,XXvA6aae9FPVJbfu8qcL2hfsYOQ=,HCariv4IrMSf3vj1RxFKHoGXxEQ=
-41,-36,XXvA6aae9FPVJbfu8qcL2hfsYOQ=,ao9pY87duoZ47PRs7Q3asV7qAG8=
-37,-38,XXvA6aae9FPVJbfu8qcL2hfsYOQ=,HCariv4IrMSf3vj1RxFKHoGXxEQ=
-36,-35,XXvA6aae9FPVJbfu8qcL2hfsYOQ=,HCariv4IrMSf3vj1RxFKHoGXxEQ=
-37,-35,XXvA6aae9FPVJbfu8qcL2hfsYOQ=,HCariv4IrMSf3vj1RxFKHoGXxEQ=
-36,-39,XXvA6aae9FPVJbfu8qcL2hfsYOQ=,HCariv4IrMSf3vj1RxFKHoGXxEQ=
-38,-35,XXvA6aae9FPVJbfu8qcL2hfsYOQ=,HCariv4IrMSf3vj1RxFKHoGXxEQ=
-39,-36,XXvA6aae9FPVJbfu8qcL2hfsYOQ=,HCariv4IrMSf3vj1RxFKHoGXxEQ=
-38,-36,XXvA6aae9FPVJbfu8qcL2hfsYOQ=,HCariv4IrMSf3vj1RxFKHoGXxEQ=
-37,-36,XXvA6aae9FPVJbfu8qcL2hfsYOQ=,HCariv4IrMSf3vj1RxFKHoGXxEQ=
-39,-35,XXvA6aae9FPVJbfu8qcL2hfsYOQ=,HCariv4IrMSf3vj1RxFKHoGXxEQ=
-37,-39,XXvA6aae9FPVJbfu8qcL2hfsYOQ=,HCariv4IrMSf3vj1RxFKHoGXxEQ=
-36,-36,XXvA6aae9FPVJbfu8qcL2hfsYOQ=,HCariv4IrMSf3vj1RxFKHoGXxEQ=
-35,-36,XXvA6aae9FPVJbfu8qcL2hfsYOQ=,HCariv4IrMSf3vj1RxFKHoGXxEQ=
-34,-35,XXvA6aae9FPVJbfu8qcL2hfsYOQ=,HCariv4IrMSf3vj1RxFKHoGXxEQ=
-34,-36,XXvA6aae9FPVJbfu8qcL2hfsYOQ=,HCariv4IrMSf3vj1RxFKHoGXxEQ=
-35,-35,XXvA6aae9FPVJbfu8qcL2hfsYOQ=,HCariv4IrMSf3vj1RxFKHoGXxEQ=
-40,-35,XXvA6aae9FPVJbfu8qcL2hfsYOQ=,HCariv4IrMSf3vj1RxFKHoGXxEQ=
-47,-33,XXvA6aae9FPVJbfu8qcL2hfsYOQ=,ao9pY87duoZ47PRs7Q3asV7qAG8=
-46,-33,XXvA6aae9FPVJbfu8qcL2hfsYOQ=,ao9pY87duoZ47PRs7Q3asV7qAG8=
-45,-33,XXvA6aae9FPVJbfu8qcL2hfsYOQ=,ao9pY87duoZ47PRs7Q3asV7qAG8=
-44,-33,XXvA6aae9FPVJbfu8qcL2hfsYOQ=,ao9pY87duoZ47PRs7Q3asV7qAG8=
-43,-33,XXvA6aae9FPVJbfu8qcL2hfsYOQ=,ao9pY87duoZ47PRs7Q3asV7qAG8=
-42,-33,XXvA6aae9FPVJbfu8qcL2hfsYOQ=,ao9pY87duoZ47PRs7Q3asV7qAG8=
-40,-33,XXvA6aae9FPVJbfu8qcL2hfsYOQ=,HCariv4IrMSf3vj1RxFKHoGXxEQ=
-39,-33,XXvA6aae9FPVJbfu8qcL2hfsYOQ=,HCariv4IrMSf3vj1RxFKHoGXxEQ=
-38,-33,XXvA6aae9FPVJbfu8qcL2hfsYOQ=,HCariv4IrMSf3vj1RxFKHoGXxEQ=
-37,-33,XXvA6aae9FPVJbfu8qcL2hfsYOQ=,HCariv4IrMSf3vj1RxFKHoGXxEQ=
-41,-33,XXvA6aae9FPVJbfu8qcL2hfsYOQ=,ao9pY87duoZ47PRs7Q3asV7qAG8=
-36,-33,XXvA6aae9FPVJbfu8qcL2hfsYOQ=,HCariv4IrMSf3vj1RxFKHoGXxEQ=
-34,-33,XXvA6aae9FPVJbfu8qcL2hfsYOQ=,HCariv4IrMSf3vj1RxFKHoGXxEQ=
-35,-33,XXvA6aae9FPVJbfu8qcL2hfsYOQ=,HCariv4IrMSf3vj1RxFKHoGXxEQ=
-33,-43,XXvA6aae9FPVJbfu8qcL2hfsYOQ=,mG76hn8PM67wId4AF6b/mDEcaeg=
-33,-44,XXvA6aae9FPVJbfu8qcL2hfsYOQ=,mG76hn8PM67wId4AF6b/mDEcaeg=
-33,-42,XXvA6aae9FPVJbfu8qcL2hfsYOQ=,mG76hn8PM67wId4AF6b/mDEcaeg=
-33,-45,XXvA6aae9FPVJbfu8qcL2hfsYOQ=,mG76hn8PM67wId4AF6b/mDEcaeg=
-33,-47,XXvA6aae9FPVJbfu8qcL2hfsYOQ=,mG76hn8PM67wId4AF6b/mDEcaeg=
-33,-46,XXvA6aae9FPVJbfu8qcL2hfsYOQ=,mG76hn8PM67wId4AF6b/mDEcaeg=
-33,-38,XXvA6aae9FPVJbfu8qcL2hfsYOQ=,HCariv4IrMSf3vj1RxFKHoGXxEQ=
-33,-41,XXvA6aae9FPVJbfu8qcL2hfsYOQ=,mG76hn8PM67wId4AF6b/mDEcaeg=
-33,-37,XXvA6aae9FPVJbfu8qcL2hfsYOQ=,HCariv4IrMSf3vj1RxFKHoGXxEQ=
-33,-36,XXvA6aae9FPVJbfu8qcL2hfsYOQ=,HCariv4IrMSf3vj1RxFKHoGXxEQ=
-33,-35,XXvA6aae9FPVJbfu8qcL2hfsYOQ=,HCariv4IrMSf3vj1RxFKHoGXxEQ=
-33,-40,XXvA6aae9FPVJbfu8qcL2hfsYOQ=,HCariv4IrMSf3vj1RxFKHoGXxEQ=
-33,-34,XXvA6aae9FPVJbfu8qcL2hfsYOQ=,HCariv4IrMSf3vj1RxFKHoGXxEQ=
-33,-39,XXvA6aae9FPVJbfu8qcL2hfsYOQ=,HCariv4IrMSf3vj1RxFKHoGXxEQ=
-33,-33,XXvA6aae9FPVJbfu8qcL2hfsYOQ=,HCariv4IrMSf3vj1RxFKHoGXxEQ=
-48,-44,XXvA6aae9FPVJbfu8qcL2hfsYOQ=,sUM6jHV40k184WgZPJTWIR4YJnc=
-48,-37,XXvA6aae9FPVJbfu8qcL2hfsYOQ=,ao9pY87duoZ47PRs7Q3asV7qAG8=
-48,-38,XXvA6aae9FPVJbfu8qcL2hfsYOQ=,ao9pY87duoZ47PRs7Q3asV7qAG8=
-47,-48,XXvA6aae9FPVJbfu8qcL2hfsYOQ=,sUM6jHV40k184WgZPJTWIR4YJnc=
-46,-48,XXvA6aae9FPVJbfu8qcL2hfsYOQ=,sUM6jHV40k184WgZPJTWIR4YJnc=
-45,-48,XXvA6aae9FPVJbfu8qcL2hfsYOQ=,sUM6jHV40k184WgZPJTWIR4YJnc=
-48,-36,XXvA6aae9FPVJbfu8qcL2hfsYOQ=,ao9pY87duoZ47PRs7Q3asV7qAG8=
-44,-48,XXvA6aae9FPVJbfu8qcL2hfsYOQ=,sUM6jHV40k184WgZPJTWIR4YJnc=
-43,-48,XXvA6aae9FPVJbfu8qcL2hfsYOQ=,sUM6jHV40k184WgZPJTWIR4YJnc=
-48,-35,XXvA6aae9FPVJbfu8qcL2hfsYOQ=,ao9pY87duoZ47PRs7Q3asV7qAG8=
-48,-39,XXvA6aae9FPVJbfu8qcL2hfsYOQ=,ao9pY87duoZ47PRs7Q3asV7qAG8=
-48,-45,XXvA6aae9FPVJbfu8qcL2hfsYOQ=,sUM6jHV40k184WgZPJTWIR4YJnc=
-48,-46,XXvA6aae9FPVJbfu8qcL2hfsYOQ=,sUM6jHV40k184WgZPJTWIR4YJnc=
-48,-41,XXvA6aae9FPVJbfu8qcL2hfsYOQ=,sUM6jHV40k184WgZPJTWIR4YJnc=
-48,-42,XXvA6aae9FPVJbfu8qcL2hfsYOQ=,sUM6jHV40k184WgZPJTWIR4YJnc=
-48,-40,XXvA6aae9FPVJbfu8qcL2hfsYOQ=,ao9pY87duoZ47PRs7Q3asV7qAG8=
-48,-47,XXvA6aae9FPVJbfu8qcL2hfsYOQ=,sUM6jHV40k184WgZPJTWIR4YJnc=
-48,-43,XXvA6aae9FPVJbfu8qcL2hfsYOQ=,sUM6jHV40k184WgZPJTWIR4YJnc=
-48,-34,XXvA6aae9FPVJbfu8qcL2hfsYOQ=,ao9pY87duoZ47PRs7Q3asV7qAG8=
-42,-48,XXvA6aae9FPVJbfu8qcL2hfsYOQ=,sUM6jHV40k184WgZPJTWIR4YJnc=
-48,-33,XXvA6aae9FPVJbfu8qcL2hfsYOQ=,ao9pY87duoZ47PRs7Q3asV7qAG8=
-40,-48,XXvA6aae9FPVJbfu8qcL2hfsYOQ=,mG76hn8PM67wId4AF6b/mDEcaeg=
-48,-48,XXvA6aae9FPVJbfu8qcL2hfsYOQ=,sUM6jHV40k184WgZPJTWIR4YJnc=
-33,-48,XXvA6aae9FPVJbfu8qcL2hfsYOQ=,mG76hn8PM67wId4AF6b/mDEcaeg=
-41,-48,XXvA6aae9FPVJbfu8qcL2hfsYOQ=,sUM6jHV40k184WgZPJTWIR4YJnc=
-34,-48,XXvA6aae9FPVJbfu8qcL2hfsYOQ=,mG76hn8PM67wId4AF6b/mDEcaeg=
-35,-48,XXvA6aae9FPVJbfu8qcL2hfsYOQ=,mG76hn8PM67wId4AF6b/mDEcaeg=
-36,-48,XXvA6aae9FPVJbfu8qcL2hfsYOQ=,mG76hn8PM67wId4AF6b/mDEcaeg=
-37,-48,XXvA6aae9FPVJbfu8qcL2hfsYOQ=,mG76hn8PM67wId4AF6b/mDEcaeg=
-38,-48,XXvA6aae9FPVJbfu8qcL2hfsYOQ=,mG76hn8PM67wId4AF6b/mDEcaeg=
-39,-48,XXvA6aae9FPVJbfu8qcL2hfsYOQ=,mG76hn8PM67wId4AF6b/mDEcaeg=
-44,-59,XXvA6aae9FPVJbfu8qcL2hfsYOQ=,I00hfNEyiN+lUI/wh211ZD4g7L0=
-45,-59,XXvA6aae9FPVJbfu8qcL2hfsYOQ=,I00hfNEyiN+lUI/wh211ZD4g7L0=
-46,-59,ZzARbdN0yS+KoCkOKITFaUpoPwI=,I00hfNEyiN+lUI/wh211ZD4g7L0=
-47,-59,ZzARbdN0yS+KoCkOKITFaUpoPwI=,I00hfNEyiN+lUI/wh211ZD4g7L0=
-42,-60,ZzARbdN0yS+KoCkOKITFaUpoPwI=,I00hfNEyiN+lUI/wh211ZD4g7L0=
-43,-60,ZzARbdN0yS+KoCkOKITFaUpoPwI=,I00hfNEyiN+lUI/wh211ZD4g7L0=
-44,-60,ZzARbdN0yS+KoCkOKITFaUpoPwI=,I00hfNEyiN+lUI/wh211ZD4g7L0=
-45,-60,ZzARbdN0yS+KoCkOKITFaUpoPwI=,I00hfNEyiN+lUI/wh211ZD4g7L0=
-46,-60,ZzARbdN0yS+KoCkOKITFaUpoPwI=,I00hfNEyiN+lUI/wh211ZD4g7L0=
-47,-60,ZzARbdN0yS+KoCkOKITFaUpoPwI=,I00hfNEyiN+lUI/wh211ZD4g7L0=
-42,-61,ZzARbdN0yS+KoCkOKITFaUpoPwI=,I00hfNEyiN+lUI/wh211ZD4g7L0=
-43,-61,ZzARbdN0yS+KoCkOKITFaUpoPwI=,I00hfNEyiN+lUI/wh211ZD4g7L0=
-44,-61,ZzARbdN0yS+KoCkOKITFaUpoPwI=,I00hfNEyiN+lUI/wh211ZD4g7L0=
-45,-61,ZzARbdN0yS+KoCkOKITFaUpoPwI=,I00hfNEyiN+lUI/wh211ZD4g7L0=
-46,-61,ZzARbdN0yS+KoCkOKITFaUpoPwI=,I00hfNEyiN+lUI/wh211ZD4g7L0=
-47,-61,ZzARbdN0yS+KoCkOKITFaUpoPwI=,I00hfNEyiN+lUI/wh211ZD4g7L0=
-42,-62,ZzARbdN0yS+KoCkOKITFaUpoPwI=,I00hfNEyiN+lUI/wh211ZD4g7L0=
-43,-62,ZzARbdN0yS+KoCkOKITFaUpoPwI=,I00hfNEyiN+lUI/wh211ZD4g7L0=
-44,-62,ZzARbdN0yS+KoCkOKITFaUpoPwI=,I00hfNEyiN+lUI/wh211ZD4g7L0=
-45,-62,ZzARbdN0yS+KoCkOKITFaUpoPwI=,I00hfNEyiN+lUI/wh211ZD4g7L0=
-46,-62,ZzARbdN0yS+KoCkOKITFaUpoPwI=,I00hfNEyiN+lUI/wh211ZD4g7L0=
-47,-62,ZzARbdN0yS+KoCkOKITFaUpoPwI=,I00hfNEyiN+lUI/wh211ZD4g7L0=
-42,-63,ZzARbdN0yS+KoCkOKITFaUpoPwI=,I00hfNEyiN+lUI/wh211ZD4g7L0=
-43,-63,ZzARbdN0yS+KoCkOKITFaUpoPwI=,I00hfNEyiN+lUI/wh211ZD4g7L0=
-44,-63,ZzARbdN0yS+KoCkOKITFaUpoPwI=,I00hfNEyiN+lUI/wh211ZD4g7L0=
-45,-63,ZzARbdN0yS+KoCkOKITFaUpoPwI=,I00hfNEyiN+lUI/wh211ZD4g7L0=
-46,-63,ZzARbdN0yS+KoCkOKITFaUpoPwI=,I00hfNEyiN+lUI/wh211ZD4g7L0=
-47,-63,ZzARbdN0yS+KoCkOKITFaUpoPwI=,I00hfNEyiN+lUI/wh211ZD4g7L0=
-42,-58,ZzARbdN0yS+KoCkOKITFaUpoPwI=,I00hfNEyiN+lUI/wh211ZD4g7L0=
-43,-58,ZzARbdN0yS+KoCkOKITFaUpoPwI=,I00hfNEyiN+lUI/wh211ZD4g7L0=
-44,-58,ZzARbdN0yS+KoCkOKITFaUpoPwI=,I00hfNEyiN+lUI/wh211ZD4g7L0=
-45,-58,ZzARbdN0yS+KoCkOKITFaUpoPwI=,I00hfNEyiN+lUI/wh211ZD4g7L0=
-46,-58,ZzARbdN0yS+KoCkOKITFaUpoPwI=,I00hfNEyiN+lUI/wh211ZD4g7L0=
-47,-58,ZzARbdN0yS+KoCkOKITFaUpoPwI=,I00hfNEyiN+lUI/wh211ZD4g7L0=
-42,-59,ZzARbdN0yS+KoCkOKITFaUpoPwI=,I00hfNEyiN+lUI/wh211ZD4g7L0=
-43,-59,ZzARbdN0yS+KoCkOKITFaUpoPwI=,I00hfNEyiN+lUI/wh211ZD4g7L0=
-44,-53,ZzARbdN0yS+KoCkOKITFaUpoPwI=,FMm+lwtllV4Dp8LUmlvOAmK8ZxU=
-43,-53,ZzARbdN0yS+KoCkOKITFaUpoPwI=,FMm+lwtllV4Dp8LUmlvOAmK8ZxU=
-42,-53,ZzARbdN0yS+KoCkOKITFaUpoPwI=,FMm+lwtllV4Dp8LUmlvOAmK8ZxU=
-47,-52,ZzARbdN0yS+KoCkOKITFaUpoPwI=,FMm+lwtllV4Dp8LUmlvOAmK8ZxU=
-46,-52,ZzARbdN0yS+KoCkOKITFaUpoPwI=,FMm+lwtllV4Dp8LUmlvOAmK8ZxU=
-45,-52,ZzARbdN0yS+KoCkOKITFaUpoPwI=,FMm+lwtllV4Dp8LUmlvOAmK8ZxU=
-44,-52,ZzARbdN0yS+KoCkOKITFaUpoPwI=,FMm+lwtllV4Dp8LUmlvOAmK8ZxU=
-43,-52,ZzARbdN0yS+KoCkOKITFaUpoPwI=,FMm+lwtllV4Dp8LUmlvOAmK8ZxU=
-42,-52,ZzARbdN0yS+KoCkOKITFaUpoPwI=,FMm+lwtllV4Dp8LUmlvOAmK8ZxU=
-47,-51,ZzARbdN0yS+KoCkOKITFaUpoPwI=,FMm+lwtllV4Dp8LUmlvOAmK8ZxU=
-47,-57,ZzARbdN0yS+KoCkOKITFaUpoPwI=,I00hfNEyiN+lUI/wh211ZD4g7L0=
-46,-57,ZzARbdN0yS+KoCkOKITFaUpoPwI=,I00hfNEyiN+lUI/wh211ZD4g7L0=
-45,-57,ZzARbdN0yS+KoCkOKITFaUpoPwI=,I00hfNEyiN+lUI/wh211ZD4g7L0=
-46,-51,ZzARbdN0yS+KoCkOKITFaUpoPwI=,FMm+lwtllV4Dp8LUmlvOAmK8ZxU=
-44,-57,ZzARbdN0yS+KoCkOKITFaUpoPwI=,I00hfNEyiN+lUI/wh211ZD4g7L0=
-45,-51,ZzARbdN0yS+KoCkOKITFaUpoPwI=,FMm+lwtllV4Dp8LUmlvOAmK8ZxU=
-43,-57,ZzARbdN0yS+KoCkOKITFaUpoPwI=,I00hfNEyiN+lUI/wh211ZD4g7L0=
-42,-57,ZzARbdN0yS+KoCkOKITFaUpoPwI=,I00hfNEyiN+lUI/wh211ZD4g7L0=
-44,-51,ZzARbdN0yS+KoCkOKITFaUpoPwI=,FMm+lwtllV4Dp8LUmlvOAmK8ZxU=
-47,-56,ZzARbdN0yS+KoCkOKITFaUpoPwI=,FMm+lwtllV4Dp8LUmlvOAmK8ZxU=
-40,-51,ZzARbdN0yS+KoCkOKITFaUpoPwI=,B0fetqKyGZulrNPk3ZUpQydYb8c=
-40,-52,ZzARbdN0yS+KoCkOKITFaUpoPwI=,B0fetqKyGZulrNPk3ZUpQydYb8c=
-39,-54,ZzARbdN0yS+KoCkOKITFaUpoPwI=,B0fetqKyGZulrNPk3ZUpQydYb8c=
-43,-51,ZzARbdN0yS+KoCkOKITFaUpoPwI=,FMm+lwtllV4Dp8LUmlvOAmK8ZxU=
-46,-56,ZzARbdN0yS+KoCkOKITFaUpoPwI=,FMm+lwtllV4Dp8LUmlvOAmK8ZxU=
-45,-56,ZzARbdN0yS+KoCkOKITFaUpoPwI=,FMm+lwtllV4Dp8LUmlvOAmK8ZxU=
-41,-53,ZzARbdN0yS+KoCkOKITFaUpoPwI=,FMm+lwtllV4Dp8LUmlvOAmK8ZxU=
-39,-52,ZzARbdN0yS+KoCkOKITFaUpoPwI=,B0fetqKyGZulrNPk3ZUpQydYb8c=
-38,-52,ZzARbdN0yS+KoCkOKITFaUpoPwI=,B0fetqKyGZulrNPk3ZUpQydYb8c=
-39,-51,ZzARbdN0yS+KoCkOKITFaUpoPwI=,B0fetqKyGZulrNPk3ZUpQydYb8c=
-39,-53,ZzARbdN0yS+KoCkOKITFaUpoPwI=,B0fetqKyGZulrNPk3ZUpQydYb8c=
-42,-51,ZzARbdN0yS+KoCkOKITFaUpoPwI=,FMm+lwtllV4Dp8LUmlvOAmK8ZxU=
-44,-56,ZzARbdN0yS+KoCkOKITFaUpoPwI=,FMm+lwtllV4Dp8LUmlvOAmK8ZxU=
-43,-56,ZzARbdN0yS+KoCkOKITFaUpoPwI=,FMm+lwtllV4Dp8LUmlvOAmK8ZxU=
-42,-56,ZzARbdN0yS+KoCkOKITFaUpoPwI=,FMm+lwtllV4Dp8LUmlvOAmK8ZxU=
-38,-54,ZzARbdN0yS+KoCkOKITFaUpoPwI=,B0fetqKyGZulrNPk3ZUpQydYb8c=
-47,-55,ZzARbdN0yS+KoCkOKITFaUpoPwI=,FMm+lwtllV4Dp8LUmlvOAmK8ZxU=
-46,-55,ZzARbdN0yS+KoCkOKITFaUpoPwI=,FMm+lwtllV4Dp8LUmlvOAmK8ZxU=
-47,-50,ZzARbdN0yS+KoCkOKITFaUpoPwI=,FMm+lwtllV4Dp8LUmlvOAmK8ZxU=
-46,-50,ZzARbdN0yS+KoCkOKITFaUpoPwI=,FMm+lwtllV4Dp8LUmlvOAmK8ZxU=
-45,-55,ZzARbdN0yS+KoCkOKITFaUpoPwI=,FMm+lwtllV4Dp8LUmlvOAmK8ZxU=
-45,-50,ZzARbdN0yS+KoCkOKITFaUpoPwI=,FMm+lwtllV4Dp8LUmlvOAmK8ZxU=
-44,-55,ZzARbdN0yS+KoCkOKITFaUpoPwI=,FMm+lwtllV4Dp8LUmlvOAmK8ZxU=
-44,-50,ZzARbdN0yS+KoCkOKITFaUpoPwI=,FMm+lwtllV4Dp8LUmlvOAmK8ZxU=
-43,-55,ZzARbdN0yS+KoCkOKITFaUpoPwI=,FMm+lwtllV4Dp8LUmlvOAmK8ZxU=
-40,-55,ZzARbdN0yS+KoCkOKITFaUpoPwI=,B0fetqKyGZulrNPk3ZUpQydYb8c=
-38,-51,ZzARbdN0yS+KoCkOKITFaUpoPwI=,B0fetqKyGZulrNPk3ZUpQydYb8c=
-42,-55,ZzARbdN0yS+KoCkOKITFaUpoPwI=,FMm+lwtllV4Dp8LUmlvOAmK8ZxU=
-45,-53,ZzARbdN0yS+KoCkOKITFaUpoPwI=,FMm+lwtllV4Dp8LUmlvOAmK8ZxU=
-41,-52,ZzARbdN0yS+KoCkOKITFaUpoPwI=,FMm+lwtllV4Dp8LUmlvOAmK8ZxU=
-46,-53,ZzARbdN0yS+KoCkOKITFaUpoPwI=,FMm+lwtllV4Dp8LUmlvOAmK8ZxU=
-38,-55,ZzARbdN0yS+KoCkOKITFaUpoPwI=,B0fetqKyGZulrNPk3ZUpQydYb8c=
-43,-50,ZzARbdN0yS+KoCkOKITFaUpoPwI=,FMm+lwtllV4Dp8LUmlvOAmK8ZxU=
-42,-50,ZzARbdN0yS+KoCkOKITFaUpoPwI=,FMm+lwtllV4Dp8LUmlvOAmK8ZxU=
-47,-54,ZzARbdN0yS+KoCkOKITFaUpoPwI=,FMm+lwtllV4Dp8LUmlvOAmK8ZxU=
-46,-54,ZzARbdN0yS+KoCkOKITFaUpoPwI=,FMm+lwtllV4Dp8LUmlvOAmK8ZxU=
-45,-54,ZzARbdN0yS+KoCkOKITFaUpoPwI=,FMm+lwtllV4Dp8LUmlvOAmK8ZxU=
-44,-54,ZzARbdN0yS+KoCkOKITFaUpoPwI=,FMm+lwtllV4Dp8LUmlvOAmK8ZxU=
-43,-54,ZzARbdN0yS+KoCkOKITFaUpoPwI=,FMm+lwtllV4Dp8LUmlvOAmK8ZxU=
-36,-55,ZzARbdN0yS+KoCkOKITFaUpoPwI=,B0fetqKyGZulrNPk3ZUpQydYb8c=
-37,-55,ZzARbdN0yS+KoCkOKITFaUpoPwI=,B0fetqKyGZulrNPk3ZUpQydYb8c=
-35,-55,ZzARbdN0yS+KoCkOKITFaUpoPwI=,B0fetqKyGZulrNPk3ZUpQydYb8c=
-47,-53,ZzARbdN0yS+KoCkOKITFaUpoPwI=,FMm+lwtllV4Dp8LUmlvOAmK8ZxU=
-34,-55,ZzARbdN0yS+KoCkOKITFaUpoPwI=,B0fetqKyGZulrNPk3ZUpQydYb8c=
-37,-51,ZzARbdN0yS+KoCkOKITFaUpoPwI=,B0fetqKyGZulrNPk3ZUpQydYb8c=
-38,-53,ZzARbdN0yS+KoCkOKITFaUpoPwI=,B0fetqKyGZulrNPk3ZUpQydYb8c=
-39,-55,ZzARbdN0yS+KoCkOKITFaUpoPwI=,B0fetqKyGZulrNPk3ZUpQydYb8c=
-37,-54,ZzARbdN0yS+KoCkOKITFaUpoPwI=,B0fetqKyGZulrNPk3ZUpQydYb8c=
-36,-54,ZzARbdN0yS+KoCkOKITFaUpoPwI=,B0fetqKyGZulrNPk3ZUpQydYb8c=
-37,-52,ZzARbdN0yS+KoCkOKITFaUpoPwI=,B0fetqKyGZulrNPk3ZUpQydYb8c=
-36,-52,ZzARbdN0yS+KoCkOKITFaUpoPwI=,B0fetqKyGZulrNPk3ZUpQydYb8c=
-35,-54,ZzARbdN0yS+KoCkOKITFaUpoPwI=,B0fetqKyGZulrNPk3ZUpQydYb8c=
-41,-51,ZzARbdN0yS+KoCkOKITFaUpoPwI=,FMm+lwtllV4Dp8LUmlvOAmK8ZxU=
-36,-51,ZzARbdN0yS+KoCkOKITFaUpoPwI=,B0fetqKyGZulrNPk3ZUpQydYb8c=
-35,-52,ZzARbdN0yS+KoCkOKITFaUpoPwI=,B0fetqKyGZulrNPk3ZUpQydYb8c=
-37,-53,ZzARbdN0yS+KoCkOKITFaUpoPwI=,B0fetqKyGZulrNPk3ZUpQydYb8c=
-34,-51,ZzARbdN0yS+KoCkOKITFaUpoPwI=,B0fetqKyGZulrNPk3ZUpQydYb8c=
-34,-52,ZzARbdN0yS+KoCkOKITFaUpoPwI=,B0fetqKyGZulrNPk3ZUpQydYb8c=
-40,-50,ZzARbdN0yS+KoCkOKITFaUpoPwI=,B0fetqKyGZulrNPk3ZUpQydYb8c=
-39,-50,ZzARbdN0yS+KoCkOKITFaUpoPwI=,B0fetqKyGZulrNPk3ZUpQydYb8c=
-42,-54,ZzARbdN0yS+KoCkOKITFaUpoPwI=,FMm+lwtllV4Dp8LUmlvOAmK8ZxU=
-41,-55,ZzARbdN0yS+KoCkOKITFaUpoPwI=,FMm+lwtllV4Dp8LUmlvOAmK8ZxU=
-34,-54,ZzARbdN0yS+KoCkOKITFaUpoPwI=,B0fetqKyGZulrNPk3ZUpQydYb8c=
-41,-50,ZzARbdN0yS+KoCkOKITFaUpoPwI=,FMm+lwtllV4Dp8LUmlvOAmK8ZxU=
-36,-53,ZzARbdN0yS+KoCkOKITFaUpoPwI=,B0fetqKyGZulrNPk3ZUpQydYb8c=
-35,-53,ZzARbdN0yS+KoCkOKITFaUpoPwI=,B0fetqKyGZulrNPk3ZUpQydYb8c=
-38,-50,ZzARbdN0yS+KoCkOKITFaUpoPwI=,B0fetqKyGZulrNPk3ZUpQydYb8c=
-40,-54,ZzARbdN0yS+KoCkOKITFaUpoPwI=,B0fetqKyGZulrNPk3ZUpQydYb8c=
-34,-50,ZzARbdN0yS+KoCkOKITFaUpoPwI=,B0fetqKyGZulrNPk3ZUpQydYb8c=
-37,-50,ZzARbdN0yS+KoCkOKITFaUpoPwI=,B0fetqKyGZulrNPk3ZUpQydYb8c=
-41,-54,ZzARbdN0yS+KoCkOKITFaUpoPwI=,FMm+lwtllV4Dp8LUmlvOAmK8ZxU=
-40,-53,ZzARbdN0yS+KoCkOKITFaUpoPwI=,B0fetqKyGZulrNPk3ZUpQydYb8c=
-35,-51,ZzARbdN0yS+KoCkOKITFaUpoPwI=,B0fetqKyGZulrNPk3ZUpQydYb8c=
-36,-50,ZzARbdN0yS+KoCkOKITFaUpoPwI=,B0fetqKyGZulrNPk3ZUpQydYb8c=
-34,-53,ZzARbdN0yS+KoCkOKITFaUpoPwI=,B0fetqKyGZulrNPk3ZUpQydYb8c=
-35,-50,ZzARbdN0yS+KoCkOKITFaUpoPwI=,B0fetqKyGZulrNPk3ZUpQydYb8c=
-36,-57,ZzARbdN0yS+KoCkOKITFaUpoPwI=,rBIcCr7cmf1M0WErzgtSsBbpxjM=
-41,-59,ZzARbdN0yS+KoCkOKITFaUpoPwI=,I00hfNEyiN+lUI/wh211ZD4g7L0=
-35,-57,ZzARbdN0yS+KoCkOKITFaUpoPwI=,rBIcCr7cmf1M0WErzgtSsBbpxjM=
-34,-57,ZzARbdN0yS+KoCkOKITFaUpoPwI=,rBIcCr7cmf1M0WErzgtSsBbpxjM=
-38,-56,ZzARbdN0yS+KoCkOKITFaUpoPwI=,B0fetqKyGZulrNPk3ZUpQydYb8c=
-37,-56,ZzARbdN0yS+KoCkOKITFaUpoPwI=,B0fetqKyGZulrNPk3ZUpQydYb8c=
-40,-63,ZzARbdN0yS+KoCkOKITFaUpoPwI=,rBIcCr7cmf1M0WErzgtSsBbpxjM=
-39,-63,ZzARbdN0yS+KoCkOKITFaUpoPwI=,rBIcCr7cmf1M0WErzgtSsBbpxjM=
-38,-63,ZzARbdN0yS+KoCkOKITFaUpoPwI=,rBIcCr7cmf1M0WErzgtSsBbpxjM=
-37,-57,ZzARbdN0yS+KoCkOKITFaUpoPwI=,rBIcCr7cmf1M0WErzgtSsBbpxjM=
-39,-57,ZzARbdN0yS+KoCkOKITFaUpoPwI=,rBIcCr7cmf1M0WErzgtSsBbpxjM=
-41,-60,ZzARbdN0yS+KoCkOKITFaUpoPwI=,I00hfNEyiN+lUI/wh211ZD4g7L0=
-40,-57,ZzARbdN0yS+KoCkOKITFaUpoPwI=,rBIcCr7cmf1M0WErzgtSsBbpxjM=
-41,-61,ZzARbdN0yS+KoCkOKITFaUpoPwI=,I00hfNEyiN+lUI/wh211ZD4g7L0=
-38,-57,ZzARbdN0yS+KoCkOKITFaUpoPwI=,rBIcCr7cmf1M0WErzgtSsBbpxjM=
-34,-58,ZzARbdN0yS+KoCkOKITFaUpoPwI=,rBIcCr7cmf1M0WErzgtSsBbpxjM=
-41,-62,ZzARbdN0yS+KoCkOKITFaUpoPwI=,I00hfNEyiN+lUI/wh211ZD4g7L0=
-35,-58,ZzARbdN0yS+KoCkOKITFaUpoPwI=,rBIcCr7cmf1M0WErzgtSsBbpxjM=
-41,-63,ZzARbdN0yS+KoCkOKITFaUpoPwI=,I00hfNEyiN+lUI/wh211ZD4g7L0=
-41,-56,ZzARbdN0yS+KoCkOKITFaUpoPwI=,FMm+lwtllV4Dp8LUmlvOAmK8ZxU=
-38,-58,ZzARbdN0yS+KoCkOKITFaUpoPwI=,rBIcCr7cmf1M0WErzgtSsBbpxjM=
-39,-58,ZzARbdN0yS+KoCkOKITFaUpoPwI=,rBIcCr7cmf1M0WErzgtSsBbpxjM=
-37,-58,ZzARbdN0yS+KoCkOKITFaUpoPwI=,rBIcCr7cmf1M0WErzgtSsBbpxjM=
-40,-58,ZzARbdN0yS+KoCkOKITFaUpoPwI=,rBIcCr7cmf1M0WErzgtSsBbpxjM=
-41,-57,ZzARbdN0yS+KoCkOKITFaUpoPwI=,I00hfNEyiN+lUI/wh211ZD4g7L0=
-36,-58,ZzARbdN0yS+KoCkOKITFaUpoPwI=,rBIcCr7cmf1M0WErzgtSsBbpxjM=
-35,-59,ZzARbdN0yS+KoCkOKITFaUpoPwI=,rBIcCr7cmf1M0WErzgtSsBbpxjM=
-37,-59,ZzARbdN0yS+KoCkOKITFaUpoPwI=,rBIcCr7cmf1M0WErzgtSsBbpxjM=
-38,-59,ZzARbdN0yS+KoCkOKITFaUpoPwI=,rBIcCr7cmf1M0WErzgtSsBbpxjM=
-39,-59,ZzARbdN0yS+KoCkOKITFaUpoPwI=,rBIcCr7cmf1M0WErzgtSsBbpxjM=
-40,-59,ZzARbdN0yS+KoCkOKITFaUpoPwI=,rBIcCr7cmf1M0WErzgtSsBbpxjM=
-34,-59,ZzARbdN0yS+KoCkOKITFaUpoPwI=,rBIcCr7cmf1M0WErzgtSsBbpxjM=
-36,-59,ZzARbdN0yS+KoCkOKITFaUpoPwI=,rBIcCr7cmf1M0WErzgtSsBbpxjM=
-34,-60,ZzARbdN0yS+KoCkOKITFaUpoPwI=,rBIcCr7cmf1M0WErzgtSsBbpxjM=
-37,-60,ZzARbdN0yS+KoCkOKITFaUpoPwI=,rBIcCr7cmf1M0WErzgtSsBbpxjM=
-38,-60,ZzARbdN0yS+KoCkOKITFaUpoPwI=,rBIcCr7cmf1M0WErzgtSsBbpxjM=
-39,-60,ZzARbdN0yS+KoCkOKITFaUpoPwI=,rBIcCr7cmf1M0WErzgtSsBbpxjM=
-40,-60,ZzARbdN0yS+KoCkOKITFaUpoPwI=,rBIcCr7cmf1M0WErzgtSsBbpxjM=
-34,-61,ZzARbdN0yS+KoCkOKITFaUpoPwI=,rBIcCr7cmf1M0WErzgtSsBbpxjM=
-35,-61,ZzARbdN0yS+KoCkOKITFaUpoPwI=,rBIcCr7cmf1M0WErzgtSsBbpxjM=
-35,-60,ZzARbdN0yS+KoCkOKITFaUpoPwI=,rBIcCr7cmf1M0WErzgtSsBbpxjM=
-36,-60,ZzARbdN0yS+KoCkOKITFaUpoPwI=,rBIcCr7cmf1M0WErzgtSsBbpxjM=
-38,-61,ZzARbdN0yS+KoCkOKITFaUpoPwI=,rBIcCr7cmf1M0WErzgtSsBbpxjM=
-39,-61,ZzARbdN0yS+KoCkOKITFaUpoPwI=,rBIcCr7cmf1M0WErzgtSsBbpxjM=
-36,-61,ZzARbdN0yS+KoCkOKITFaUpoPwI=,rBIcCr7cmf1M0WErzgtSsBbpxjM=
-40,-61,ZzARbdN0yS+KoCkOKITFaUpoPwI=,rBIcCr7cmf1M0WErzgtSsBbpxjM=
-34,-62,ZzARbdN0yS+KoCkOKITFaUpoPwI=,rBIcCr7cmf1M0WErzgtSsBbpxjM=
-35,-62,ZzARbdN0yS+KoCkOKITFaUpoPwI=,rBIcCr7cmf1M0WErzgtSsBbpxjM=
-39,-56,ZzARbdN0yS+KoCkOKITFaUpoPwI=,B0fetqKyGZulrNPk3ZUpQydYb8c=
-37,-61,ZzARbdN0yS+KoCkOKITFaUpoPwI=,rBIcCr7cmf1M0WErzgtSsBbpxjM=
-40,-56,ZzARbdN0yS+KoCkOKITFaUpoPwI=,B0fetqKyGZulrNPk3ZUpQydYb8c=
-36,-62,ZzARbdN0yS+KoCkOKITFaUpoPwI=,rBIcCr7cmf1M0WErzgtSsBbpxjM=
-34,-56,ZzARbdN0yS+KoCkOKITFaUpoPwI=,B0fetqKyGZulrNPk3ZUpQydYb8c=
-39,-62,ZzARbdN0yS+KoCkOKITFaUpoPwI=,rBIcCr7cmf1M0WErzgtSsBbpxjM=
-40,-62,ZzARbdN0yS+KoCkOKITFaUpoPwI=,rBIcCr7cmf1M0WErzgtSsBbpxjM=
-41,-58,ZzARbdN0yS+KoCkOKITFaUpoPwI=,I00hfNEyiN+lUI/wh211ZD4g7L0=
-34,-63,ZzARbdN0yS+KoCkOKITFaUpoPwI=,rBIcCr7cmf1M0WErzgtSsBbpxjM=
-35,-63,ZzARbdN0yS+KoCkOKITFaUpoPwI=,rBIcCr7cmf1M0WErzgtSsBbpxjM=
-35,-56,ZzARbdN0yS+KoCkOKITFaUpoPwI=,B0fetqKyGZulrNPk3ZUpQydYb8c=
-38,-62,ZzARbdN0yS+KoCkOKITFaUpoPwI=,rBIcCr7cmf1M0WErzgtSsBbpxjM=
-36,-56,ZzARbdN0yS+KoCkOKITFaUpoPwI=,B0fetqKyGZulrNPk3ZUpQydYb8c=
-37,-62,ZzARbdN0yS+KoCkOKITFaUpoPwI=,rBIcCr7cmf1M0WErzgtSsBbpxjM=
-36,-63,ZzARbdN0yS+KoCkOKITFaUpoPwI=,rBIcCr7cmf1M0WErzgtSsBbpxjM=
-37,-63,ZzARbdN0yS+KoCkOKITFaUpoPwI=,rBIcCr7cmf1M0WErzgtSsBbpxjM=
-35,-49,ZzARbdN0yS+KoCkOKITFaUpoPwI=,B0fetqKyGZulrNPk3ZUpQydYb8c=
-36,-49,ZzARbdN0yS+KoCkOKITFaUpoPwI=,B0fetqKyGZulrNPk3ZUpQydYb8c=
-34,-49,ZzARbdN0yS+KoCkOKITFaUpoPwI=,B0fetqKyGZulrNPk3ZUpQydYb8c=
-39,-49,ZzARbdN0yS+KoCkOKITFaUpoPwI=,B0fetqKyGZulrNPk3ZUpQydYb8c=
-38,-49,ZzARbdN0yS+KoCkOKITFaUpoPwI=,B0fetqKyGZulrNPk3ZUpQydYb8c=
-37,-49,ZzARbdN0yS+KoCkOKITFaUpoPwI=,B0fetqKyGZulrNPk3ZUpQydYb8c=
-48,-58,ZzARbdN0yS+KoCkOKITFaUpoPwI=,I00hfNEyiN+lUI/wh211ZD4g7L0=
-48,-62,ZzARbdN0yS+KoCkOKITFaUpoPwI=,I00hfNEyiN+lUI/wh211ZD4g7L0=
-48,-63,ZzARbdN0yS+KoCkOKITFaUpoPwI=,I00hfNEyiN+lUI/wh211ZD4g7L0=
-48,-61,ZzARbdN0yS+KoCkOKITFaUpoPwI=,I00hfNEyiN+lUI/wh211ZD4g7L0=
-48,-60,ZzARbdN0yS+KoCkOKITFaUpoPwI=,I00hfNEyiN+lUI/wh211ZD4g7L0=
-48,-59,ZzARbdN0yS+KoCkOKITFaUpoPwI=,I00hfNEyiN+lUI/wh211ZD4g7L0=
-33,-53,ZzARbdN0yS+KoCkOKITFaUpoPwI=,B0fetqKyGZulrNPk3ZUpQydYb8c=
-33,-50,ZzARbdN0yS+KoCkOKITFaUpoPwI=,B0fetqKyGZulrNPk3ZUpQydYb8c=
-33,-52,ZzARbdN0yS+KoCkOKITFaUpoPwI=,B0fetqKyGZulrNPk3ZUpQydYb8c=
-33,-54,ZzARbdN0yS+KoCkOKITFaUpoPwI=,B0fetqKyGZulrNPk3ZUpQydYb8c=
-33,-51,ZzARbdN0yS+KoCkOKITFaUpoPwI=,B0fetqKyGZulrNPk3ZUpQydYb8c=
-33,-55,ZzARbdN0yS+KoCkOKITFaUpoPwI=,B0fetqKyGZulrNPk3ZUpQydYb8c=
-33,-63,ZzARbdN0yS+KoCkOKITFaUpoPwI=,rBIcCr7cmf1M0WErzgtSsBbpxjM=
-33,-57,ZzARbdN0yS+KoCkOKITFaUpoPwI=,rBIcCr7cmf1M0WErzgtSsBbpxjM=
-33,-58,ZzARbdN0yS+KoCkOKITFaUpoPwI=,rBIcCr7cmf1M0WErzgtSsBbpxjM=
-33,-59,ZzARbdN0yS+KoCkOKITFaUpoPwI=,rBIcCr7cmf1M0WErzgtSsBbpxjM=
-33,-61,ZzARbdN0yS+KoCkOKITFaUpoPwI=,rBIcCr7cmf1M0WErzgtSsBbpxjM=
-33,-60,ZzARbdN0yS+KoCkOKITFaUpoPwI=,rBIcCr7cmf1M0WErzgtSsBbpxjM=
-33,-62,ZzARbdN0yS+KoCkOKITFaUpoPwI=,rBIcCr7cmf1M0WErzgtSsBbpxjM=
-33,-56,ZzARbdN0yS+KoCkOKITFaUpoPwI=,B0fetqKyGZulrNPk3ZUpQydYb8c=
-36,-64,ZzARbdN0yS+KoCkOKITFaUpoPwI=,rBIcCr7cmf1M0WErzgtSsBbpxjM=
-34,-64,ZzARbdN0yS+KoCkOKITFaUpoPwI=,rBIcCr7cmf1M0WErzgtSsBbpxjM=
-35,-64,ZzARbdN0yS+KoCkOKITFaUpoPwI=,rBIcCr7cmf1M0WErzgtSsBbpxjM=
-39,-64,ZzARbdN0yS+KoCkOKITFaUpoPwI=,rBIcCr7cmf1M0WErzgtSsBbpxjM=
-37,-64,ZzARbdN0yS+KoCkOKITFaUpoPwI=,rBIcCr7cmf1M0WErzgtSsBbpxjM=
-38,-64,ZzARbdN0yS+KoCkOKITFaUpoPwI=,rBIcCr7cmf1M0WErzgtSsBbpxjM=
-48,-52,ZzARbdN0yS+KoCkOKITFaUpoPwI=,FMm+lwtllV4Dp8LUmlvOAmK8ZxU=
-47,-49,ZzARbdN0yS+KoCkOKITFaUpoPwI=,FMm+lwtllV4Dp8LUmlvOAmK8ZxU=
-46,-49,ZzARbdN0yS+KoCkOKITFaUpoPwI=,FMm+lwtllV4Dp8LUmlvOAmK8ZxU=
-45,-49,ZzARbdN0yS+KoCkOKITFaUpoPwI=,FMm+lwtllV4Dp8LUmlvOAmK8ZxU=
-44,-49,ZzARbdN0yS+KoCkOKITFaUpoPwI=,FMm+lwtllV4Dp8LUmlvOAmK8ZxU=
-40,-49,ZzARbdN0yS+KoCkOKITFaUpoPwI=,B0fetqKyGZulrNPk3ZUpQydYb8c=
-48,-51,ZzARbdN0yS+KoCkOKITFaUpoPwI=,FMm+lwtllV4Dp8LUmlvOAmK8ZxU=
-48,-57,ZzARbdN0yS+KoCkOKITFaUpoPwI=,I00hfNEyiN+lUI/wh211ZD4g7L0=
-48,-56,ZzARbdN0yS+KoCkOKITFaUpoPwI=,FMm+lwtllV4Dp8LUmlvOAmK8ZxU=
-48,-55,ZzARbdN0yS+KoCkOKITFaUpoPwI=,FMm+lwtllV4Dp8LUmlvOAmK8ZxU=
-48,-50,ZzARbdN0yS+KoCkOKITFaUpoPwI=,FMm+lwtllV4Dp8LUmlvOAmK8ZxU=
-48,-54,ZzARbdN0yS+KoCkOKITFaUpoPwI=,FMm+lwtllV4Dp8LUmlvOAmK8ZxU=
-48,-53,ZzARbdN0yS+KoCkOKITFaUpoPwI=,FMm+lwtllV4Dp8LUmlvOAmK8ZxU=
-41,-49,ZzARbdN0yS+KoCkOKITFaUpoPwI=,FMm+lwtllV4Dp8LUmlvOAmK8ZxU=
-42,-49,ZzARbdN0yS+KoCkOKITFaUpoPwI=,FMm+lwtllV4Dp8LUmlvOAmK8ZxU=
-43,-49,ZzARbdN0yS+KoCkOKITFaUpoPwI=,FMm+lwtllV4Dp8LUmlvOAmK8ZxU=
-48,-49,ZzARbdN0yS+KoCkOKITFaUpoPwI=,FMm+lwtllV4Dp8LUmlvOAmK8ZxU=
-41,-64,ZzARbdN0yS+KoCkOKITFaUpoPwI=,I00hfNEyiN+lUI/wh211ZD4g7L0=
-40,-64,ZzARbdN0yS+KoCkOKITFaUpoPwI=,rBIcCr7cmf1M0WErzgtSsBbpxjM=
-47,-64,ZzARbdN0yS+KoCkOKITFaUpoPwI=,I00hfNEyiN+lUI/wh211ZD4g7L0=
-42,-64,ZzARbdN0yS+KoCkOKITFaUpoPwI=,I00hfNEyiN+lUI/wh211ZD4g7L0=
-46,-64,ZzARbdN0yS+KoCkOKITFaUpoPwI=,I00hfNEyiN+lUI/wh211ZD4g7L0=
-45,-64,ZzARbdN0yS+KoCkOKITFaUpoPwI=,I00hfNEyiN+lUI/wh211ZD4g7L0=
-43,-64,ZzARbdN0yS+KoCkOKITFaUpoPwI=,I00hfNEyiN+lUI/wh211ZD4g7L0=
-44,-64,ZzARbdN0yS+KoCkOKITFaUpoPwI=,I00hfNEyiN+lUI/wh211ZD4g7L0=
-48,-64,ZzARbdN0yS+KoCkOKITFaUpoPwI=,I00hfNEyiN+lUI/wh211ZD4g7L0=
-33,-64,ZzARbdN0yS+KoCkOKITFaUpoPwI=,rBIcCr7cmf1M0WErzgtSsBbpxjM=
-33,-49,ZzARbdN0yS+KoCkOKITFaUpoPwI=,B0fetqKyGZulrNPk3ZUpQydYb8c=
-52,-40,m1DQc9iW+i6Tnrz2sVaXqUBbq+w=,/9+1S5Ha4nyE0+3susqWBACX5p0=
-51,-38,m1DQc9iW+i6Tnrz2sVaXqUBbq+w=,/9+1S5Ha4nyE0+3susqWBACX5p0=
-52,-38,m1DQc9iW+i6Tnrz2sVaXqUBbq+w=,/9+1S5Ha4nyE0+3susqWBACX5p0=
-53,-38,m1DQc9iW+i6Tnrz2sVaXqUBbq+w=,/9+1S5Ha4nyE0+3susqWBACX5p0=
-51,-33,m1DQc9iW+i6Tnrz2sVaXqUBbq+w=,/9+1S5Ha4nyE0+3susqWBACX5p0=
-50,-33,m1DQc9iW+i6Tnrz2sVaXqUBbq+w=,/9+1S5Ha4nyE0+3susqWBACX5p0=
-53,-40,m1DQc9iW+i6Tnrz2sVaXqUBbq+w=,/9+1S5Ha4nyE0+3susqWBACX5p0=
-52,-33,m1DQc9iW+i6Tnrz2sVaXqUBbq+w=,/9+1S5Ha4nyE0+3susqWBACX5p0=
-53,-33,m1DQc9iW+i6Tnrz2sVaXqUBbq+w=,/9+1S5Ha4nyE0+3susqWBACX5p0=
-55,-39,m1DQc9iW+i6Tnrz2sVaXqUBbq+w=,/9+1S5Ha4nyE0+3susqWBACX5p0=
-49,-39,m1DQc9iW+i6Tnrz2sVaXqUBbq+w=,/9+1S5Ha4nyE0+3susqWBACX5p0=
-50,-39,m1DQc9iW+i6Tnrz2sVaXqUBbq+w=,/9+1S5Ha4nyE0+3susqWBACX5p0=
-51,-39,Oh7cTSQUlGUrHvzcbrx5pg7XysU=,/9+1S5Ha4nyE0+3susqWBACX5p0=
-55,-33,Oh7cTSQUlGUrHvzcbrx5pg7XysU=,/9+1S5Ha4nyE0+3susqWBACX5p0=
-54,-33,Oh7cTSQUlGUrHvzcbrx5pg7XysU=,/9+1S5Ha4nyE0+3susqWBACX5p0=
-49,-40,Oh7cTSQUlGUrHvzcbrx5pg7XysU=,/9+1S5Ha4nyE0+3susqWBACX5p0=
-50,-34,Oh7cTSQUlGUrHvzcbrx5pg7XysU=,/9+1S5Ha4nyE0+3susqWBACX5p0=
-51,-34,Oh7cTSQUlGUrHvzcbrx5pg7XysU=,/9+1S5Ha4nyE0+3susqWBACX5p0=
-52,-34,Oh7cTSQUlGUrHvzcbrx5pg7XysU=,/9+1S5Ha4nyE0+3susqWBACX5p0=
-53,-34,Oh7cTSQUlGUrHvzcbrx5pg7XysU=,/9+1S5Ha4nyE0+3susqWBACX5p0=
-54,-34,Oh7cTSQUlGUrHvzcbrx5pg7XysU=,/9+1S5Ha4nyE0+3susqWBACX5p0=
-55,-34,Oh7cTSQUlGUrHvzcbrx5pg7XysU=,/9+1S5Ha4nyE0+3susqWBACX5p0=
-49,-33,Oh7cTSQUlGUrHvzcbrx5pg7XysU=,/9+1S5Ha4nyE0+3susqWBACX5p0=
-50,-35,Oh7cTSQUlGUrHvzcbrx5pg7XysU=,/9+1S5Ha4nyE0+3susqWBACX5p0=
-51,-35,Oh7cTSQUlGUrHvzcbrx5pg7XysU=,/9+1S5Ha4nyE0+3susqWBACX5p0=
-52,-35,Oh7cTSQUlGUrHvzcbrx5pg7XysU=,/9+1S5Ha4nyE0+3susqWBACX5p0=
-53,-35,Oh7cTSQUlGUrHvzcbrx5pg7XysU=,/9+1S5Ha4nyE0+3susqWBACX5p0=
-50,-40,Oh7cTSQUlGUrHvzcbrx5pg7XysU=,/9+1S5Ha4nyE0+3susqWBACX5p0=
-54,-35,Oh7cTSQUlGUrHvzcbrx5pg7XysU=,/9+1S5Ha4nyE0+3susqWBACX5p0=
-55,-35,Oh7cTSQUlGUrHvzcbrx5pg7XysU=,/9+1S5Ha4nyE0+3susqWBACX5p0=
-49,-36,Oh7cTSQUlGUrHvzcbrx5pg7XysU=,/9+1S5Ha4nyE0+3susqWBACX5p0=
-50,-36,Oh7cTSQUlGUrHvzcbrx5pg7XysU=,/9+1S5Ha4nyE0+3susqWBACX5p0=
-51,-36,Oh7cTSQUlGUrHvzcbrx5pg7XysU=,/9+1S5Ha4nyE0+3susqWBACX5p0=
-52,-36,Oh7cTSQUlGUrHvzcbrx5pg7XysU=,/9+1S5Ha4nyE0+3susqWBACX5p0=
-53,-36,Oh7cTSQUlGUrHvzcbrx5pg7XysU=,/9+1S5Ha4nyE0+3susqWBACX5p0=
-52,-39,Oh7cTSQUlGUrHvzcbrx5pg7XysU=,/9+1S5Ha4nyE0+3susqWBACX5p0=
-54,-36,Oh7cTSQUlGUrHvzcbrx5pg7XysU=,/9+1S5Ha4nyE0+3susqWBACX5p0=
-55,-36,Oh7cTSQUlGUrHvzcbrx5pg7XysU=,/9+1S5Ha4nyE0+3susqWBACX5p0=
-53,-39,Oh7cTSQUlGUrHvzcbrx5pg7XysU=,/9+1S5Ha4nyE0+3susqWBACX5p0=
-54,-40,Oh7cTSQUlGUrHvzcbrx5pg7XysU=,/9+1S5Ha4nyE0+3susqWBACX5p0=
-49,-37,Oh7cTSQUlGUrHvzcbrx5pg7XysU=,/9+1S5Ha4nyE0+3susqWBACX5p0=
-50,-37,Oh7cTSQUlGUrHvzcbrx5pg7XysU=,/9+1S5Ha4nyE0+3susqWBACX5p0=
-51,-40,Oh7cTSQUlGUrHvzcbrx5pg7XysU=,/9+1S5Ha4nyE0+3susqWBACX5p0=
-54,-39,Oh7cTSQUlGUrHvzcbrx5pg7XysU=,/9+1S5Ha4nyE0+3susqWBACX5p0=
-51,-37,Oh7cTSQUlGUrHvzcbrx5pg7XysU=,/9+1S5Ha4nyE0+3susqWBACX5p0=
-52,-37,Oh7cTSQUlGUrHvzcbrx5pg7XysU=,/9+1S5Ha4nyE0+3susqWBACX5p0=
-53,-37,Oh7cTSQUlGUrHvzcbrx5pg7XysU=,/9+1S5Ha4nyE0+3susqWBACX5p0=
-54,-37,Oh7cTSQUlGUrHvzcbrx5pg7XysU=,/9+1S5Ha4nyE0+3susqWBACX5p0=
-55,-37,Oh7cTSQUlGUrHvzcbrx5pg7XysU=,/9+1S5Ha4nyE0+3susqWBACX5p0=
-55,-40,Oh7cTSQUlGUrHvzcbrx5pg7XysU=,/9+1S5Ha4nyE0+3susqWBACX5p0=
-54,-38,Oh7cTSQUlGUrHvzcbrx5pg7XysU=,/9+1S5Ha4nyE0+3susqWBACX5p0=
-55,-38,Oh7cTSQUlGUrHvzcbrx5pg7XysU=,/9+1S5Ha4nyE0+3susqWBACX5p0=
-49,-35,Oh7cTSQUlGUrHvzcbrx5pg7XysU=,/9+1S5Ha4nyE0+3susqWBACX5p0=
-49,-38,Oh7cTSQUlGUrHvzcbrx5pg7XysU=,/9+1S5Ha4nyE0+3susqWBACX5p0=
-50,-38,Oh7cTSQUlGUrHvzcbrx5pg7XysU=,/9+1S5Ha4nyE0+3susqWBACX5p0=
-49,-34,Oh7cTSQUlGUrHvzcbrx5pg7XysU=,/9+1S5Ha4nyE0+3susqWBACX5p0=
-60,-35,Oh7cTSQUlGUrHvzcbrx5pg7XysU=,uDWOyDHe2XHWTcmWWzc9bQ6K9ow=
-61,-35,Oh7cTSQUlGUrHvzcbrx5pg7XysU=,uDWOyDHe2XHWTcmWWzc9bQ6K9ow=
-62,-35,Oh7cTSQUlGUrHvzcbrx5pg7XysU=,uDWOyDHe2XHWTcmWWzc9bQ6K9ow=
-64,-35,Oh7cTSQUlGUrHvzcbrx5pg7XysU=,uDWOyDHe2XHWTcmWWzc9bQ6K9ow=
-63,-35,Oh7cTSQUlGUrHvzcbrx5pg7XysU=,uDWOyDHe2XHWTcmWWzc9bQ6K9ow=
-56,-39,Oh7cTSQUlGUrHvzcbrx5pg7XysU=,/9+1S5Ha4nyE0+3susqWBACX5p0=
-57,-36,Oh7cTSQUlGUrHvzcbrx5pg7XysU=,uDWOyDHe2XHWTcmWWzc9bQ6K9ow=
-59,-36,Oh7cTSQUlGUrHvzcbrx5pg7XysU=,uDWOyDHe2XHWTcmWWzc9bQ6K9ow=
-58,-36,Oh7cTSQUlGUrHvzcbrx5pg7XysU=,uDWOyDHe2XHWTcmWWzc9bQ6K9ow=
-60,-36,Oh7cTSQUlGUrHvzcbrx5pg7XysU=,uDWOyDHe2XHWTcmWWzc9bQ6K9ow=
-61,-36,Oh7cTSQUlGUrHvzcbrx5pg7XysU=,uDWOyDHe2XHWTcmWWzc9bQ6K9ow=
-62,-36,Oh7cTSQUlGUrHvzcbrx5pg7XysU=,uDWOyDHe2XHWTcmWWzc9bQ6K9ow=
-63,-36,Oh7cTSQUlGUrHvzcbrx5pg7XysU=,uDWOyDHe2XHWTcmWWzc9bQ6K9ow=
-56,-33,Oh7cTSQUlGUrHvzcbrx5pg7XysU=,/9+1S5Ha4nyE0+3susqWBACX5p0=
-64,-36,Oh7cTSQUlGUrHvzcbrx5pg7XysU=,uDWOyDHe2XHWTcmWWzc9bQ6K9ow=
-57,-37,Oh7cTSQUlGUrHvzcbrx5pg7XysU=,uDWOyDHe2XHWTcmWWzc9bQ6K9ow=
-58,-37,Oh7cTSQUlGUrHvzcbrx5pg7XysU=,uDWOyDHe2XHWTcmWWzc9bQ6K9ow=
-59,-37,Oh7cTSQUlGUrHvzcbrx5pg7XysU=,uDWOyDHe2XHWTcmWWzc9bQ6K9ow=
-60,-37,Oh7cTSQUlGUrHvzcbrx5pg7XysU=,uDWOyDHe2XHWTcmWWzc9bQ6K9ow=
-62,-37,Oh7cTSQUlGUrHvzcbrx5pg7XysU=,uDWOyDHe2XHWTcmWWzc9bQ6K9ow=
-61,-37,Oh7cTSQUlGUrHvzcbrx5pg7XysU=,uDWOyDHe2XHWTcmWWzc9bQ6K9ow=
-63,-37,Oh7cTSQUlGUrHvzcbrx5pg7XysU=,uDWOyDHe2XHWTcmWWzc9bQ6K9ow=
-64,-37,Oh7cTSQUlGUrHvzcbrx5pg7XysU=,uDWOyDHe2XHWTcmWWzc9bQ6K9ow=
-59,-35,Oh7cTSQUlGUrHvzcbrx5pg7XysU=,uDWOyDHe2XHWTcmWWzc9bQ6K9ow=
-57,-38,Oh7cTSQUlGUrHvzcbrx5pg7XysU=,uDWOyDHe2XHWTcmWWzc9bQ6K9ow=
-59,-38,Oh7cTSQUlGUrHvzcbrx5pg7XysU=,uDWOyDHe2XHWTcmWWzc9bQ6K9ow=
-60,-38,Oh7cTSQUlGUrHvzcbrx5pg7XysU=,uDWOyDHe2XHWTcmWWzc9bQ6K9ow=
-58,-38,Oh7cTSQUlGUrHvzcbrx5pg7XysU=,uDWOyDHe2XHWTcmWWzc9bQ6K9ow=
-56,-34,Oh7cTSQUlGUrHvzcbrx5pg7XysU=,/9+1S5Ha4nyE0+3susqWBACX5p0=
-61,-38,Oh7cTSQUlGUrHvzcbrx5pg7XysU=,uDWOyDHe2XHWTcmWWzc9bQ6K9ow=
-62,-38,Oh7cTSQUlGUrHvzcbrx5pg7XysU=,uDWOyDHe2XHWTcmWWzc9bQ6K9ow=
-63,-38,Oh7cTSQUlGUrHvzcbrx5pg7XysU=,uDWOyDHe2XHWTcmWWzc9bQ6K9ow=
-64,-38,Oh7cTSQUlGUrHvzcbrx5pg7XysU=,uDWOyDHe2XHWTcmWWzc9bQ6K9ow=
-57,-39,Oh7cTSQUlGUrHvzcbrx5pg7XysU=,uDWOyDHe2XHWTcmWWzc9bQ6K9ow=
-58,-39,Oh7cTSQUlGUrHvzcbrx5pg7XysU=,uDWOyDHe2XHWTcmWWzc9bQ6K9ow=
-58,-35,Oh7cTSQUlGUrHvzcbrx5pg7XysU=,uDWOyDHe2XHWTcmWWzc9bQ6K9ow=
-57,-35,Oh7cTSQUlGUrHvzcbrx5pg7XysU=,uDWOyDHe2XHWTcmWWzc9bQ6K9ow=
-64,-34,Oh7cTSQUlGUrHvzcbrx5pg7XysU=,uDWOyDHe2XHWTcmWWzc9bQ6K9ow=
-63,-34,Oh7cTSQUlGUrHvzcbrx5pg7XysU=,uDWOyDHe2XHWTcmWWzc9bQ6K9ow=
-56,-40,Oh7cTSQUlGUrHvzcbrx5pg7XysU=,/9+1S5Ha4nyE0+3susqWBACX5p0=
-62,-34,Oh7cTSQUlGUrHvzcbrx5pg7XysU=,uDWOyDHe2XHWTcmWWzc9bQ6K9ow=
-56,-35,Oh7cTSQUlGUrHvzcbrx5pg7XysU=,/9+1S5Ha4nyE0+3susqWBACX5p0=
-61,-34,Oh7cTSQUlGUrHvzcbrx5pg7XysU=,uDWOyDHe2XHWTcmWWzc9bQ6K9ow=
-57,-33,Oh7cTSQUlGUrHvzcbrx5pg7XysU=,uDWOyDHe2XHWTcmWWzc9bQ6K9ow=
-59,-39,Oh7cTSQUlGUrHvzcbrx5pg7XysU=,uDWOyDHe2XHWTcmWWzc9bQ6K9ow=
-60,-39,Oh7cTSQUlGUrHvzcbrx5pg7XysU=,uDWOyDHe2XHWTcmWWzc9bQ6K9ow=
-60,-34,Oh7cTSQUlGUrHvzcbrx5pg7XysU=,uDWOyDHe2XHWTcmWWzc9bQ6K9ow=
-59,-34,Oh7cTSQUlGUrHvzcbrx5pg7XysU=,uDWOyDHe2XHWTcmWWzc9bQ6K9ow=
-58,-34,Oh7cTSQUlGUrHvzcbrx5pg7XysU=,uDWOyDHe2XHWTcmWWzc9bQ6K9ow=
-57,-34,Oh7cTSQUlGUrHvzcbrx5pg7XysU=,uDWOyDHe2XHWTcmWWzc9bQ6K9ow=
-64,-33,Oh7cTSQUlGUrHvzcbrx5pg7XysU=,uDWOyDHe2XHWTcmWWzc9bQ6K9ow=
-63,-33,Oh7cTSQUlGUrHvzcbrx5pg7XysU=,uDWOyDHe2XHWTcmWWzc9bQ6K9ow=
-56,-38,Oh7cTSQUlGUrHvzcbrx5pg7XysU=,/9+1S5Ha4nyE0+3susqWBACX5p0=
-56,-37,Oh7cTSQUlGUrHvzcbrx5pg7XysU=,/9+1S5Ha4nyE0+3susqWBACX5p0=
-64,-40,Oh7cTSQUlGUrHvzcbrx5pg7XysU=,uDWOyDHe2XHWTcmWWzc9bQ6K9ow=
-63,-40,Oh7cTSQUlGUrHvzcbrx5pg7XysU=,uDWOyDHe2XHWTcmWWzc9bQ6K9ow=
-62,-40,Oh7cTSQUlGUrHvzcbrx5pg7XysU=,uDWOyDHe2XHWTcmWWzc9bQ6K9ow=
-62,-33,Oh7cTSQUlGUrHvzcbrx5pg7XysU=,uDWOyDHe2XHWTcmWWzc9bQ6K9ow=
-61,-40,Oh7cTSQUlGUrHvzcbrx5pg7XysU=,uDWOyDHe2XHWTcmWWzc9bQ6K9ow=
-60,-40,Oh7cTSQUlGUrHvzcbrx5pg7XysU=,uDWOyDHe2XHWTcmWWzc9bQ6K9ow=
-59,-40,Oh7cTSQUlGUrHvzcbrx5pg7XysU=,uDWOyDHe2XHWTcmWWzc9bQ6K9ow=
-58,-40,Oh7cTSQUlGUrHvzcbrx5pg7XysU=,uDWOyDHe2XHWTcmWWzc9bQ6K9ow=
-57,-40,Oh7cTSQUlGUrHvzcbrx5pg7XysU=,uDWOyDHe2XHWTcmWWzc9bQ6K9ow=
-61,-33,Oh7cTSQUlGUrHvzcbrx5pg7XysU=,uDWOyDHe2XHWTcmWWzc9bQ6K9ow=
-60,-33,Oh7cTSQUlGUrHvzcbrx5pg7XysU=,uDWOyDHe2XHWTcmWWzc9bQ6K9ow=
-64,-39,Oh7cTSQUlGUrHvzcbrx5pg7XysU=,uDWOyDHe2XHWTcmWWzc9bQ6K9ow=
-59,-33,Oh7cTSQUlGUrHvzcbrx5pg7XysU=,uDWOyDHe2XHWTcmWWzc9bQ6K9ow=
-63,-39,Oh7cTSQUlGUrHvzcbrx5pg7XysU=,uDWOyDHe2XHWTcmWWzc9bQ6K9ow=
-62,-39,Oh7cTSQUlGUrHvzcbrx5pg7XysU=,uDWOyDHe2XHWTcmWWzc9bQ6K9ow=
-61,-39,Oh7cTSQUlGUrHvzcbrx5pg7XysU=,uDWOyDHe2XHWTcmWWzc9bQ6K9ow=
-56,-36,Oh7cTSQUlGUrHvzcbrx5pg7XysU=,/9+1S5Ha4nyE0+3susqWBACX5p0=
-58,-33,Oh7cTSQUlGUrHvzcbrx5pg7XysU=,uDWOyDHe2XHWTcmWWzc9bQ6K9ow=
